date,vote yes,vote no,isPartial,chainlink,scalar,normalized_yes,normalized_no
2017-07-01 00:00:00,9,0,False,0,1,900.0,0.0
2017-07-01 01:00:00,0,17,False,0,1,0.0,1700.0
2017-07-01 02:00:00,8,8,False,0,1,800.0,800.0
2017-07-01 03:00:00,0,17,False,0,1,0.0,1700.0
2017-07-01 04:00:00,0,8,False,0,1,0.0,800.0
2017-07-01 05:00:00,0,8,False,0,1,0.0,800.0
2017-07-01 06:00:00,0,8,False,0,1,0.0,800.0
2017-07-01 07:00:00,0,8,False,0,1,0.0,800.0
2017-07-01 08:00:00,0,0,False,0,1,0.0,0.0
2017-07-01 09:00:00,0,16,False,0,1,0.0,1600.0
2017-07-01 10:00:00,8,16,False,0,1,800.0,1600.0
2017-07-01 11:00:00,0,0,False,0,1,0.0,0.0
2017-07-01 12:00:00,10,10,False,0,1,1000.0,1000.0
2017-07-01 13:00:00,0,0,False,0,1,0.0,0.0
2017-07-01 14:00:00,0,20,False,0,1,0.0,2000.0
2017-07-01 15:00:00,0,34,False,0,1,0.0,3400.0
2017-07-01 16:00:00,0,0,False,0,1,0.0,0.0
2017-07-01 17:00:00,0,0,False,0,1,0.0,0.0
2017-07-01 18:00:00,0,0,False,0,1,0.0,0.0
2017-07-01 19:00:00,0,88,False,0,1,0.0,8800.0
2017-07-01 20:00:00,0,0,False,0,1,0.0,0.0
2017-07-01 21:00:00,0,0,False,0,1,0.0,0.0
2017-07-01 22:00:00,0,14,False,0,1,0.0,1400.0
2017-07-01 23:00:00,11,0,False,0,1,1100.0,0.0
2017-07-02 00:00:00,9,9,False,1,1,900.0,900.0
2017-07-02 01:00:00,0,0,False,0,1,0.0,0.0
2017-07-02 02:00:00,0,0,False,1,1,0.0,0.0
2017-07-02 03:00:00,0,0,False,1,1,0.0,0.0
2017-07-02 04:00:00,0,8,False,1,1,0.0,800.0
2017-07-02 05:00:00,0,8,False,1,1,0.0,800.0
2017-07-02 06:00:00,0,0,False,1,1,0.0,0.0
2017-07-02 07:00:00,0,7,False,1,1,0.0,700.0
2017-07-02 08:00:00,7,7,False,1,1,700.0,700.0
2017-07-02 09:00:00,0,7,False,1,1,0.0,700.0
2017-07-02 10:00:00,7,14,False,1,1,700.0,1400.0
2017-07-02 11:00:00,7,22,False,1,1,700.0,2200.0
2017-07-02 12:00:00,0,0,False,1,1,0.0,0.0
2017-07-02 13:00:00,0,14,False,1,1,0.0,1400.0
2017-07-02 14:00:00,24,48,False,0,1,2400.0,4800.0
2017-07-02 15:00:00,0,42,False,0,1,0.0,4200.0
2017-07-02 16:00:00,0,0,False,0,1,0.0,0.0
2017-07-02 17:00:00,0,0,False,0,1,0.0,0.0
2017-07-02 18:00:00,0,100,False,1,1,0.0,10000.0
2017-07-02 19:00:00,0,0,False,0,1,0.0,0.0
2017-07-02 20:00:00,0,0,False,0,1,0.0,0.0
2017-07-02 21:00:00,0,18,False,0,1,0.0,1800.0
2017-07-02 22:00:00,0,11,False,0,1,0.0,1100.0
2017-07-02 23:00:00,0,0,False,0,1,0.0,0.0
2017-07-03 00:00:00,0,7,False,0,1,0.0,700.0
2017-07-03 01:00:00,6,13,False,1,1,600.0,1300.0
2017-07-03 02:00:00,0,6,False,1,1,0.0,600.0
2017-07-03 03:00:00,0,12,False,0,1,0.0,1200.0
2017-07-03 04:00:00,6,6,False,0,1,600.0,600.0
2017-07-03 05:00:00,0,19,False,2,1,0.0,1202.377100616215
2017-07-03 06:00:00,0,0,False,1,1,0.0,0.0
2017-07-03 07:00:00,13,7,False,1,1,1300.0,700.0
2017-07-03 08:00:00,0,0,False,1,1,0.0,0.0
2017-07-03 09:00:00,0,7,False,1,1,0.0,700.0
2017-07-03 10:00:00,0,7,False,0,1,0.0,700.0
2017-07-03 11:00:00,0,11,False,2,1,0.0,696.1130582514929
2017-07-03 12:00:00,0,14,False,2,1,0.0,885.9620741382637
2017-07-03 13:00:00,0,0,False,2,1,0.0,0.0
2017-07-03 14:00:00,0,0,False,0,1,0.0,0.0
2017-07-03 15:00:00,0,0,False,2,1,0.0,0.0
2017-07-03 16:00:00,0,0,False,2,1,0.0,0.0
2017-07-03 17:00:00,0,0,False,0,1,0.0,0.0
2017-07-03 18:00:00,0,0,False,2,1,0.0,0.0
2017-07-03 19:00:00,0,0,False,0,1,0.0,0.0
2017-07-03 20:00:00,0,0,False,0,1,0.0,0.0
2017-07-03 21:00:00,0,0,False,2,1,0.0,0.0
2017-07-03 22:00:00,0,16,False,2,1,0.0,1012.5280847294442
2017-07-03 23:00:00,8,15,False,1,1,800.0,1500.0
2017-07-04 00:00:00,7,0,False,0,1,700.0,0.0
2017-07-04 01:00:00,0,7,False,0,1,0.0,700.0
2017-07-04 02:00:00,0,20,False,2,1,0.0,1265.6601059118052
2017-07-04 03:00:00,10,30,False,2,1,632.8300529559026,1898.490158867708
2017-07-04 04:00:00,0,19,False,0,1,0.0,1900.0
2017-07-04 05:00:00,20,29,False,2,1,1265.6601059118052,1835.2071535721177
2017-07-04 06:00:00,10,40,False,2,1,632.8300529559026,2531.3202118236104
2017-07-04 07:00:00,0,22,False,2,1,0.0,1392.2261165029859
2017-07-04 08:00:00,0,7,False,1,1,0.0,700.0
2017-07-04 09:00:00,0,0,False,0,1,0.0,0.0
2017-07-04 10:00:00,7,20,False,0,1,700.0,2000.0
2017-07-04 11:00:00,0,46,False,2,1,0.0,2911.0182435971524
2017-07-04 12:00:00,0,35,False,0,1,0.0,3500.0
2017-07-04 13:00:00,0,0,False,0,1,0.0,0.0
2017-07-04 14:00:00,0,0,False,2,1,0.0,0.0
2017-07-04 15:00:00,0,0,False,2,1,0.0,0.0
2017-07-04 16:00:00,0,66,False,3,1,0.0,6279.870940559727
2017-07-04 17:00:00,0,0,False,0,1,0.0,0.0
2017-07-04 18:00:00,0,0,False,1,1,0.0,0.0
2017-07-04 19:00:00,0,0,False,3,1,0.0,0.0
2017-07-04 20:00:00,0,0,False,2,1,0.0,0.0
2017-07-04 21:00:00,0,26,False,2,1,0.0,1645.358137685347
2017-07-04 22:00:00,0,51,False,0,1,0.0,5100.0
2017-07-04 23:00:00,12,25,False,2,1,759.3960635470831,1582.0751323897566
2017-07-05 00:00:00,7,7,False,3,1,666.0469179381529,666.0469179381529
2017-07-05 01:00:00,7,21,False,4,1,666.0469179381529,1998.1407538144588
2017-07-05 02:00:00,7,26,False,0,1,700.0,2600.0
2017-07-05 03:00:00,0,6,False,0,1,0.0,600.0
2017-07-05 04:00:00,0,7,False,4,1,0.0,666.0469179381529
2017-07-05 05:00:00,6,25,False,0,1,600.0,2500.0
2017-07-05 06:00:00,0,0,False,2,1,0.0,0.0
2017-07-05 07:00:00,0,32,False,2,1,0.0,2025.0561694588885
2017-07-05 08:00:00,11,0,False,2,1,696.1130582514929,0.0
2017-07-05 09:00:00,7,7,False,4,1,666.0469179381529,666.0469179381529
2017-07-05 10:00:00,11,11,False,2,1,696.1130582514929,696.1130582514929
2017-07-05 11:00:00,0,15,False,4,1,0.0,1427.2433955817562
2017-07-05 12:00:00,0,28,False,4,1,0.0,2664.1876717526115
2017-07-05 13:00:00,0,14,False,3,1,0.0,1332.0938358763058
2017-07-05 14:00:00,0,22,False,1,1,0.0,2200.0
2017-07-05 15:00:00,37,0,False,0,1,3700.0,0.0
2017-07-05 16:00:00,0,57,False,1,1,0.0,5700.0
2017-07-05 17:00:00,0,0,False,1,1,0.0,0.0
2017-07-05 18:00:00,0,0,False,4,1,0.0,0.0
2017-07-05 19:00:00,0,0,False,4,1,0.0,0.0
2017-07-05 20:00:00,0,59,False,0,1,0.0,5900.0
2017-07-05 21:00:00,0,0,False,1,1,0.0,0.0
2017-07-05 22:00:00,0,11,False,4,1,0.0,1046.6451567599545
2017-07-05 23:00:00,0,25,False,2,1,0.0,1582.0751323897566
2017-07-06 00:00:00,0,7,False,5,1,0.0,666.0469179381529
2017-07-06 01:00:00,0,13,False,0,1,0.0,1300.0
2017-07-06 02:00:00,0,7,False,0,1,0.0,700.0
2017-07-06 03:00:00,7,7,False,3,1,666.0469179381529,666.0469179381529
2017-07-06 04:00:00,6,13,False,0,1,600.0,1300.0
2017-07-06 05:00:00,13,7,False,4,1,1236.9442761708553,666.0469179381529
2017-07-06 06:00:00,0,6,False,1,1,0.0,600.0
2017-07-06 07:00:00,15,0,False,3,1,1427.2433955817562,0.0
2017-07-06 08:00:00,0,0,False,3,1,0.0,0.0
2017-07-06 09:00:00,0,0,False,4,1,0.0,0.0
2017-07-06 10:00:00,0,0,False,4,1,0.0,0.0
2017-07-06 11:00:00,0,0,False,2,1,0.0,0.0
2017-07-06 12:00:00,9,0,False,3,1,856.3460373490537,0.0
2017-07-06 13:00:00,0,0,False,3,1,0.0,0.0
2017-07-06 14:00:00,0,0,False,1,1,0.0,0.0
2017-07-06 15:00:00,0,38,False,5,1,0.0,3615.683268807116
2017-07-06 16:00:00,0,0,False,2,1,0.0,0.0
2017-07-06 17:00:00,0,0,False,4,1,0.0,0.0
2017-07-06 18:00:00,0,0,False,5,1,0.0,0.0
2017-07-06 19:00:00,0,0,False,1,1,0.0,0.0
2017-07-06 20:00:00,0,30,False,4,1,0.0,2854.4867911635124
2017-07-06 21:00:00,33,0,False,4,1,3139.9354702798637,0.0
2017-07-06 22:00:00,0,11,False,4,1,0.0,1046.6451567599545
2017-07-06 23:00:00,8,16,False,4,1,761.1964776436033,1522.3929552872066
2017-07-07 00:00:00,7,22,False,3,1,666.0469179381529,2093.290313519909
2017-07-07 01:00:00,0,0,False,6,1,0.0,0.0
2017-07-07 02:00:00,11,21,False,2,1,696.1130582514929,1328.9431112073955
2017-07-07 03:00:00,0,7,False,3,1,0.0,666.0469179381529
2017-07-07 04:00:00,0,10,False,2,1,0.0,632.8300529559026
2017-07-07 05:00:00,7,27,False,4,1,666.0469179381529,2569.038112047161
2017-07-07 06:00:00,7,20,False,1,1,700.0,2000.0
2017-07-07 07:00:00,15,8,False,5,1,1427.2433955817562,761.1964776436033
2017-07-07 08:00:00,0,16,False,6,1,0.0,1522.3929552872066
2017-07-07 09:00:00,16,0,False,6,1,1522.3929552872066,0.0
2017-07-07 10:00:00,15,15,False,1,1,1500.0,1500.0
2017-07-07 11:00:00,0,0,False,5,1,0.0,0.0
2017-07-07 12:00:00,0,10,False,3,1,0.0,951.4955970545042
2017-07-07 13:00:00,0,0,False,5,1,0.0,0.0
2017-07-07 14:00:00,0,41,False,6,1,0.0,3901.131947923467
2017-07-07 15:00:00,33,33,False,5,1,3139.9354702798637,3139.9354702798637
2017-07-07 16:00:00,0,79,False,2,1,0.0,4999.357418351631
2017-07-07 17:00:00,0,0,False,2,1,0.0,0.0
2017-07-07 18:00:00,0,0,False,3,1,0.0,0.0
2017-07-07 19:00:00,0,0,False,3,1,0.0,0.0
2017-07-07 20:00:00,0,0,False,6,1,0.0,0.0
2017-07-07 21:00:00,0,0,False,5,1,0.0,0.0
2017-07-07 22:00:00,0,14,False,6,1,0.0,1332.0938358763058
2017-07-07 23:00:00,0,0,False,4,1,0.0,0.0
2017-07-08 00:00:00,0,29,False,4,1,0.0,2759.337231458062
2017-07-08 01:00:00,0,36,False,4,1,0.0,3425.384149396215
2017-07-08 02:00:00,0,0,False,5,1,0.0,0.0
2017-07-08 03:00:00,0,18,False,6,1,0.0,1712.6920746981075
2017-07-08 04:00:00,0,17,False,7,1,0.0,1617.542514992657
2017-07-08 05:00:00,0,0,False,4,1,0.0,0.0
2017-07-08 06:00:00,0,8,False,7,1,0.0,761.1964776436033
2017-07-08 07:00:00,0,8,False,3,1,0.0,761.1964776436033
2017-07-08 08:00:00,0,8,False,5,1,0.0,761.1964776436033
2017-07-08 09:00:00,0,8,False,4,1,0.0,761.1964776436033
2017-07-08 10:00:00,0,0,False,2,1,0.0,0.0
2017-07-08 11:00:00,9,9,False,4,1,856.3460373490537,856.3460373490537
2017-07-08 12:00:00,0,0,False,7,1,0.0,0.0
2017-07-08 13:00:00,0,0,False,3,1,0.0,0.0
2017-07-08 14:00:00,0,0,False,5,1,0.0,0.0
2017-07-08 15:00:00,33,0,False,6,1,3139.9354702798637,0.0
2017-07-08 16:00:00,0,0,False,6,1,0.0,0.0
2017-07-08 17:00:00,0,0,False,5,1,0.0,0.0
2017-07-08 18:00:00,0,100,False,5,1,0.0,9514.955970545041
2017-07-08 19:00:00,0,0,False,3,1,0.0,0.0
2017-07-08 20:00:00,0,53,False,7,1,0.0,5042.926664388872
2017-07-08 21:00:00,0,25,False,5,1,0.0,2378.7389926362603
2017-07-08 22:00:00,15,0,False,6,1,1427.2433955817562,0.0
2017-07-08 23:00:00,0,0,False,3,1,0.0,0.0
2017-07-09 00:00:00,0,8,False,8,1,0.0,912.5927442618047
2017-07-09 01:00:00,9,0,False,6,1,856.3460373490537,0.0
2017-07-09 02:00:00,0,0,False,7,1,0.0,0.0
2017-07-09 03:00:00,0,0,False,7,1,0.0,0.0
2017-07-09 04:00:00,9,0,False,6,1,856.3460373490537,0.0
2017-07-09 05:00:00,0,0,False,8,1,0.0,0.0
2017-07-09 06:00:00,0,8,False,6,1,0.0,761.1964776436033
2017-07-09 07:00:00,0,8,False,3,1,0.0,761.1964776436033
2017-07-09 08:00:00,0,8,False,4,1,0.0,761.1964776436033
2017-07-09 09:00:00,0,15,False,3,1,0.0,1427.2433955817562
2017-07-09 10:00:00,0,6,False,8,1,0.0,684.4445581963535
2017-07-09 11:00:00,0,16,False,6,1,0.0,1522.3929552872066
2017-07-09 12:00:00,0,0,False,7,1,0.0,0.0
2017-07-09 13:00:00,0,15,False,6,1,0.0,1427.2433955817562
2017-07-09 14:00:00,0,0,False,5,1,0.0,0.0
2017-07-09 15:00:00,0,82,False,6,1,0.0,7802.263895846934
2017-07-09 16:00:00,0,0,False,7,1,0.0,0.0
2017-07-09 17:00:00,0,0,False,7,1,0.0,0.0
2017-07-09 18:00:00,0,0,False,8,1,0.0,0.0
2017-07-09 19:00:00,0,0,False,6,1,0.0,0.0
2017-07-09 20:00:00,0,0,False,7,1,0.0,0.0
2017-07-09 21:00:00,0,0,False,8,1,0.0,0.0
2017-07-09 22:00:00,0,12,False,5,1,0.0,1141.794716465405
2017-07-09 23:00:00,0,8,False,4,1,0.0,761.1964776436033
2017-07-10 00:00:00,15,7,False,7,1,1427.2433955817562,666.0469179381529
2017-07-10 01:00:00,0,6,False,8,1,0.0,684.4445581963535
2017-07-10 02:00:00,0,0,False,6,1,0.0,0.0
2017-07-10 03:00:00,0,7,False,6,1,0.0,666.0469179381529
2017-07-10 04:00:00,0,6,False,6,1,0.0,570.8973582327025
2017-07-10 05:00:00,0,5,False,8,1,0.0,570.370465163628
2017-07-10 06:00:00,0,5,False,9,1,0.0,570.370465163628
2017-07-10 07:00:00,7,7,False,4,1,666.0469179381529,666.0469179381529
2017-07-10 08:00:00,0,6,False,8,1,0.0,684.4445581963535
2017-07-10 09:00:00,0,22,False,5,1,0.0,2093.290313519909
2017-07-10 10:00:00,0,35,False,7,1,0.0,3330.2345896907646
2017-07-10 11:00:00,0,15,False,5,1,0.0,1427.2433955817562
2017-07-10 12:00:00,0,19,False,6,1,0.0,1807.841634403558
2017-07-10 13:00:00,14,14,False,5,1,1332.0938358763058,1332.0938358763058
2017-07-10 14:00:00,0,0,False,5,1,0.0,0.0
2017-07-10 15:00:00,0,0,False,6,1,0.0,0.0
2017-07-10 16:00:00,0,55,False,8,1,0.0,6274.075116799907
2017-07-10 17:00:00,79,0,False,8,1,9011.85334958532,0.0
2017-07-10 18:00:00,0,0,False,5,1,0.0,0.0
2017-07-10 19:00:00,0,0,False,8,1,0.0,0.0
2017-07-10 20:00:00,0,0,False,8,1,0.0,0.0
2017-07-10 21:00:00,0,30,False,8,1,0.0,3422.2227909817675
2017-07-10 22:00:00,0,11,False,7,1,0.0,1046.6451567599545
2017-07-10 23:00:00,0,17,False,6,1,0.0,1617.542514992657
2017-07-11 00:00:00,0,12,False,8,1,0.0,1368.889116392707
2017-07-11 01:00:00,0,6,False,10,1,0.0,684.4445581963535
2017-07-11 02:00:00,0,17,False,9,1,0.0,1939.259581556335
2017-07-11 03:00:00,0,11,False,9,1,0.0,1254.8150233599815
2017-07-11 04:00:00,7,13,False,7,1,666.0469179381529,1236.9442761708553
2017-07-11 05:00:00,0,7,False,6,1,0.0,666.0469179381529
2017-07-11 06:00:00,0,16,False,8,1,0.0,1825.1854885236094
2017-07-11 07:00:00,7,7,False,7,1,666.0469179381529,666.0469179381529
2017-07-11 08:00:00,0,0,False,6,1,0.0,0.0
2017-07-11 09:00:00,0,6,False,10,1,0.0,684.4445581963535
2017-07-11 10:00:00,0,0,False,5,1,0.0,0.0
2017-07-11 11:00:00,7,0,False,6,1,666.0469179381529,0.0
2017-07-11 12:00:00,0,8,False,9,1,0.0,912.5927442618047
2017-07-11 13:00:00,0,0,False,8,1,0.0,0.0
2017-07-11 14:00:00,0,0,False,9,1,0.0,0.0
2017-07-11 15:00:00,0,0,False,6,1,0.0,0.0
2017-07-11 16:00:00,0,0,False,6,1,0.0,0.0
2017-07-11 17:00:00,0,0,False,9,1,0.0,0.0
2017-07-11 18:00:00,0,0,False,6,1,0.0,0.0
2017-07-11 19:00:00,0,0,False,8,1,0.0,0.0
2017-07-11 20:00:00,0,0,False,7,1,0.0,0.0
2017-07-11 21:00:00,0,15,False,9,1,0.0,1711.1113954908838
2017-07-11 22:00:00,0,9,False,9,1,0.0,1026.6668372945303
2017-07-11 23:00:00,0,7,False,9,1,0.0,798.5186512290791
2017-07-12 00:00:00,7,7,False,7,1,666.0469179381529,666.0469179381529
2017-07-12 01:00:00,0,6,False,8,1,0.0,684.4445581963535
2017-07-12 02:00:00,0,6,False,9,1,0.0,684.4445581963535
2017-07-12 03:00:00,0,17,False,11,1,0.0,1939.259581556335
2017-07-12 04:00:00,7,7,False,6,1,666.0469179381529,666.0469179381529
2017-07-12 05:00:00,6,6,False,11,1,684.4445581963535,684.4445581963535
2017-07-12 06:00:00,0,17,False,9,1,0.0,1939.259581556335
2017-07-12 07:00:00,0,30,False,8,1,0.0,3422.2227909817675
2017-07-12 08:00:00,0,6,False,9,1,0.0,684.4445581963535
2017-07-12 09:00:00,0,7,False,6,1,0.0,666.0469179381529
2017-07-12 10:00:00,0,0,False,6,1,0.0,0.0
2017-07-12 11:00:00,6,12,False,10,1,684.4445581963535,1368.889116392707
2017-07-12 12:00:00,7,0,False,10,1,798.5186512290791,0.0
2017-07-12 13:00:00,0,0,False,10,1,0.0,0.0
2017-07-12 14:00:00,18,0,False,9,1,2053.3336745890606,0.0
2017-07-12 15:00:00,0,0,False,10,1,0.0,0.0
2017-07-12 16:00:00,0,0,False,11,1,0.0,0.0
2017-07-12 17:00:00,0,0,False,11,1,0.0,0.0
2017-07-12 18:00:00,0,92,False,7,1,0.0,8753.759492901438
2017-07-12 19:00:00,0,0,False,7,1,0.0,0.0
2017-07-12 20:00:00,0,26,False,9,1,0.0,2965.926418850865
2017-07-12 21:00:00,0,29,False,10,1,0.0,3308.148697949042
2017-07-12 22:00:00,0,22,False,7,1,0.0,2093.290313519909
2017-07-12 23:00:00,7,7,False,11,1,798.5186512290791,798.5186512290791
2017-07-13 00:00:00,0,6,False,11,1,0.0,684.4445581963535
2017-07-13 01:00:00,0,23,False,12,1,0.0,2623.7041397526887
2017-07-13 02:00:00,0,6,False,11,1,0.0,684.4445581963535
2017-07-13 03:00:00,0,6,False,10,1,0.0,684.4445581963535
2017-07-13 04:00:00,0,17,False,9,1,0.0,1939.259581556335
2017-07-13 05:00:00,0,11,False,12,1,0.0,1254.8150233599815
2017-07-13 06:00:00,0,5,False,12,1,0.0,570.370465163628
2017-07-13 07:00:00,0,7,False,7,1,0.0,666.0469179381529
2017-07-13 08:00:00,0,0,False,9,1,0.0,0.0
2017-07-13 09:00:00,0,6,False,12,1,0.0,684.4445581963535
2017-07-13 10:00:00,0,12,False,11,1,0.0,1368.889116392707
2017-07-13 11:00:00,15,15,False,7,1,1427.2433955817562,1427.2433955817562
2017-07-13 12:00:00,0,16,False,9,1,0.0,1825.1854885236094
2017-07-13 13:00:00,0,0,False,10,1,0.0,0.0
2017-07-13 14:00:00,0,0,False,8,1,0.0,0.0
2017-07-13 15:00:00,0,31,False,10,1,0.0,3536.296884014493
2017-07-13 16:00:00,0,50,False,12,1,0.0,5703.704651636279
2017-07-13 17:00:00,0,0,False,8,1,0.0,0.0
2017-07-13 18:00:00,0,74,False,12,1,0.0,8441.482884421694
2017-07-13 19:00:00,0,100,False,10,1,0.0,11407.409303272558
2017-07-13 20:00:00,0,26,False,12,1,0.0,2965.926418850865
2017-07-13 21:00:00,0,28,False,12,1,0.0,3194.0746049163163
2017-07-13 22:00:00,0,9,False,8,1,0.0,1026.6668372945303
2017-07-13 23:00:00,0,41,False,10,1,0.0,4677.037814341749
2017-07-14 00:00:00,0,0,False,12,1,0.0,0.0
2017-07-14 01:00:00,7,20,False,13,1,696.2448021631644,1989.270863323327
2017-07-14 02:00:00,0,0,False,9,1,0.0,0.0
2017-07-14 03:00:00,6,6,False,9,1,684.4445581963535,684.4445581963535
2017-07-14 04:00:00,6,0,False,11,1,684.4445581963535,0.0
2017-07-14 05:00:00,22,22,False,11,1,2509.630046719963,2509.630046719963
2017-07-14 06:00:00,6,6,False,13,1,596.7812589969981,596.7812589969981
2017-07-14 07:00:00,0,7,False,13,1,0.0,696.2448021631644
2017-07-14 08:00:00,0,13,False,10,1,0.0,1482.9632094254325
2017-07-14 09:00:00,0,0,False,10,1,0.0,0.0
2017-07-14 10:00:00,0,0,False,8,1,0.0,0.0
2017-07-14 11:00:00,0,7,False,9,1,0.0,798.5186512290791
2017-07-14 12:00:00,0,0,False,11,1,0.0,0.0
2017-07-14 13:00:00,0,0,False,12,1,0.0,0.0
2017-07-14 14:00:00,0,0,False,13,1,0.0,0.0
2017-07-14 15:00:00,0,29,False,13,1,0.0,2884.442751818824
2017-07-14 16:00:00,0,0,False,10,1,0.0,0.0
2017-07-14 17:00:00,0,0,False,13,1,0.0,0.0
2017-07-14 18:00:00,0,0,False,9,1,0.0,0.0
2017-07-14 19:00:00,0,0,False,13,1,0.0,0.0
2017-07-14 20:00:00,0,0,False,9,1,0.0,0.0
2017-07-14 21:00:00,0,0,False,13,1,0.0,0.0
2017-07-14 22:00:00,0,0,False,9,1,0.0,0.0
2017-07-14 23:00:00,0,0,False,12,1,0.0,0.0
2017-07-15 00:00:00,0,0,False,10,1,0.0,0.0
2017-07-15 01:00:00,0,0,False,10,1,0.0,0.0
2017-07-15 02:00:00,0,14,False,9,1,0.0,1597.0373024581581
2017-07-15 03:00:00,7,14,False,9,1,798.5186512290791,1597.0373024581581
2017-07-15 04:00:00,0,24,False,13,1,0.0,2387.1250359879923
2017-07-15 05:00:00,7,7,False,10,1,798.5186512290791,798.5186512290791
2017-07-15 06:00:00,0,7,False,11,1,0.0,798.5186512290791
2017-07-15 07:00:00,0,6,False,11,1,0.0,684.4445581963535
2017-07-15 08:00:00,0,0,False,10,1,0.0,0.0
2017-07-15 09:00:00,0,13,False,10,1,0.0,1482.9632094254325
2017-07-15 10:00:00,7,20,False,11,1,798.5186512290791,2281.481860654512
2017-07-15 11:00:00,0,0,False,10,1,0.0,0.0
2017-07-15 12:00:00,9,9,False,13,1,895.1718884954971,895.1718884954971
2017-07-15 13:00:00,0,22,False,11,1,0.0,2509.630046719963
2017-07-15 14:00:00,0,0,False,12,1,0.0,0.0
2017-07-15 15:00:00,0,26,False,10,1,0.0,2965.926418850865
2017-07-15 16:00:00,0,0,False,14,1,0.0,0.0
2017-07-15 17:00:00,0,0,False,13,1,0.0,0.0
2017-07-15 18:00:00,0,0,False,10,1,0.0,0.0
2017-07-15 19:00:00,0,74,False,11,1,0.0,8441.482884421694
2017-07-15 20:00:00,0,0,False,14,1,0.0,0.0
2017-07-15 21:00:00,0,23,False,14,1,0.0,2287.661492821826
2017-07-15 22:00:00,0,0,False,11,1,0.0,0.0
2017-07-15 23:00:00,0,0,False,10,1,0.0,0.0
2017-07-16 00:00:00,0,28,False,14,1,0.0,2784.9792086526577
2017-07-16 01:00:00,0,7,False,10,1,0.0,798.5186512290791
2017-07-16 02:00:00,8,33,False,14,1,795.7083453293308,3282.2969244834894
2017-07-16 03:00:00,0,0,False,14,1,0.0,0.0
2017-07-16 04:00:00,0,9,False,15,1,0.0,1576.452382685445
2017-07-16 05:00:00,15,15,False,13,1,1491.9531474924952,1491.9531474924952
2017-07-16 06:00:00,0,7,False,14,1,0.0,696.2448021631644
2017-07-16 07:00:00,0,7,False,13,1,0.0,696.2448021631644
2017-07-16 08:00:00,0,0,False,10,1,0.0,0.0
2017-07-16 09:00:00,7,0,False,13,1,696.2448021631644,0.0
2017-07-16 10:00:00,0,6,False,10,1,0.0,684.4445581963535
2017-07-16 11:00:00,0,7,False,14,1,0.0,696.2448021631644
2017-07-16 12:00:00,0,16,False,10,1,0.0,1825.1854885236094
2017-07-16 13:00:00,0,12,False,11,1,0.0,1368.889116392707
2017-07-16 14:00:00,0,37,False,11,1,0.0,4220.741442210847
2017-07-16 15:00:00,0,0,False,13,1,0.0,0.0
2017-07-16 16:00:00,0,0,False,11,1,0.0,0.0
2017-07-16 17:00:00,0,0,False,12,1,0.0,0.0
2017-07-16 18:00:00,0,0,False,11,1,0.0,0.0
2017-07-16 19:00:00,0,0,False,13,1,0.0,0.0
2017-07-16 20:00:00,0,0,False,11,1,0.0,0.0
2017-07-16 21:00:00,0,19,False,15,1,0.0,3328.0661412248282
2017-07-16 22:00:00,0,0,False,12,1,0.0,0.0
2017-07-16 23:00:00,0,0,False,15,1,0.0,0.0
2017-07-17 00:00:00,0,0,False,14,1,0.0,0.0
2017-07-17 01:00:00,0,6,False,14,1,0.0,596.7812589969981
2017-07-17 02:00:00,0,10,False,12,1,0.0,1140.740930327256
2017-07-17 03:00:00,0,0,False,15,1,0.0,0.0
2017-07-17 04:00:00,6,12,False,13,1,596.7812589969981,1193.5625179939962
2017-07-17 05:00:00,3,3,False,16,1,525.484127561815,525.484127561815
2017-07-17 06:00:00,0,6,False,14,1,0.0,596.7812589969981
2017-07-17 07:00:00,0,7,False,13,1,0.0,696.2448021631644
2017-07-17 08:00:00,0,0,False,14,1,0.0,0.0
2017-07-17 09:00:00,0,17,False,11,1,0.0,1939.259581556335
2017-07-17 10:00:00,6,17,False,11,1,684.4445581963535,1939.259581556335
2017-07-17 11:00:00,0,0,False,15,1,0.0,0.0
2017-07-17 12:00:00,0,0,False,15,1,0.0,0.0
2017-07-17 13:00:00,0,16,False,15,1,0.0,2802.582013663013
2017-07-17 14:00:00,0,0,False,14,1,0.0,0.0
2017-07-17 15:00:00,23,0,False,15,1,4028.7116446405817,0.0
2017-07-17 16:00:00,0,0,False,16,1,0.0,0.0
2017-07-17 17:00:00,0,0,False,16,1,0.0,0.0
2017-07-17 18:00:00,0,87,False,12,1,0.0,9924.446093847126
2017-07-17 19:00:00,0,35,False,15,1,0.0,6130.648154887841
2017-07-17 20:00:00,0,0,False,14,1,0.0,0.0
2017-07-17 21:00:00,0,0,False,13,1,0.0,0.0
2017-07-17 22:00:00,0,9,False,12,1,0.0,1026.6668372945303
2017-07-17 23:00:00,0,8,False,15,1,0.0,1401.2910068315066
2017-07-18 00:00:00,0,0,False,14,1,0.0,0.0
2017-07-18 01:00:00,0,7,False,17,1,0.0,1226.1296309775682
2017-07-18 02:00:00,0,7,False,16,1,0.0,1226.1296309775682
2017-07-18 03:00:00,0,3,False,15,1,0.0,525.484127561815
2017-07-18 04:00:00,6,6,False,14,1,596.7812589969981,596.7812589969981
2017-07-18 05:00:00,0,3,False,17,1,0.0,525.484127561815
2017-07-18 06:00:00,0,3,False,17,1,0.0,525.484127561815
2017-07-18 07:00:00,0,6,False,12,1,0.0,684.4445581963535
2017-07-18 08:00:00,0,7,False,14,1,0.0,696.2448021631644
2017-07-18 09:00:00,0,4,False,17,1,0.0,700.6455034157533
2017-07-18 10:00:00,0,4,False,16,1,0.0,700.6455034157533
2017-07-18 11:00:00,0,6,False,12,1,0.0,684.4445581963535
2017-07-18 12:00:00,0,17,False,14,1,0.0,1690.8802338248279
2017-07-18 13:00:00,0,8,False,15,1,0.0,1401.2910068315066
2017-07-18 14:00:00,23,23,False,13,1,2287.661492821826,2287.661492821826
2017-07-18 15:00:00,0,23,False,15,1,0.0,4028.7116446405817
2017-07-18 16:00:00,0,38,False,17,1,0.0,6656.1322824496565
2017-07-18 17:00:00,0,0,False,13,1,0.0,0.0
2017-07-18 18:00:00,0,0,False,17,1,0.0,0.0
2017-07-18 19:00:00,0,0,False,15,1,0.0,0.0
2017-07-18 20:00:00,0,0,False,17,1,0.0,0.0
2017-07-18 21:00:00,0,0,False,17,1,0.0,0.0
2017-07-18 22:00:00,0,20,False,13,1,0.0,1989.270863323327
2017-07-18 23:00:00,16,8,False,15,1,2802.582013663013,1401.2910068315066
2017-07-19 00:00:00,0,11,False,18,1,0.0,1926.7751343933217
2017-07-19 01:00:00,6,18,False,14,1,596.7812589969981,1790.3437769909942
2017-07-19 02:00:00,3,3,False,16,1,525.484127561815,525.484127561815
2017-07-19 03:00:00,0,18,False,14,1,0.0,1790.3437769909942
2017-07-19 04:00:00,0,7,False,17,1,0.0,1226.1296309775682
2017-07-19 05:00:00,6,0,False,14,1,596.7812589969981,0.0
2017-07-19 06:00:00,7,7,False,18,1,1226.1296309775682,1226.1296309775682
2017-07-19 07:00:00,0,4,False,16,1,0.0,700.6455034157533
2017-07-19 08:00:00,0,7,False,14,1,0.0,696.2448021631644
2017-07-19 09:00:00,0,4,False,17,1,0.0,700.6455034157533
2017-07-19 10:00:00,4,0,False,15,1,700.6455034157533,0.0
2017-07-19 11:00:00,14,0,False,14,1,1392.4896043263288,0.0
2017-07-19 12:00:00,5,10,False,16,1,875.8068792696916,1751.6137585393833
2017-07-19 13:00:00,0,8,False,17,1,0.0,1401.2910068315066
2017-07-19 14:00:00,0,0,False,16,1,0.0,0.0
2017-07-19 15:00:00,0,0,False,18,1,0.0,0.0
2017-07-19 16:00:00,0,0,False,16,1,0.0,0.0
2017-07-19 17:00:00,0,0,False,14,1,0.0,0.0
2017-07-19 18:00:00,0,53,False,15,1,0.0,9283.552920258731
2017-07-19 19:00:00,0,0,False,16,1,0.0,0.0
2017-07-19 20:00:00,0,16,False,17,1,0.0,2802.582013663013
2017-07-19 21:00:00,0,9,False,16,1,0.0,1576.452382685445
2017-07-19 22:00:00,0,11,False,18,1,0.0,1926.7751343933217
2017-07-19 23:00:00,0,12,False,16,1,0.0,2101.93651024726
2017-07-20 00:00:00,4,0,False,15,1,700.6455034157533,0.0
2017-07-20 01:00:00,4,4,False,17,1,700.6455034157533,700.6455034157533
2017-07-20 02:00:00,6,18,False,14,1,596.7812589969981,1790.3437769909942
2017-07-20 03:00:00,0,6,False,14,1,0.0,596.7812589969981
2017-07-20 04:00:00,0,0,False,16,1,0.0,0.0
2017-07-20 05:00:00,0,4,False,15,1,0.0,700.6455034157533
2017-07-20 06:00:00,4,4,False,18,1,700.6455034157533,700.6455034157533
2017-07-20 07:00:00,0,4,False,17,1,0.0,700.6455034157533
2017-07-20 08:00:00,0,8,False,19,1,0.0,1401.2910068315066
2017-07-20 09:00:00,0,16,False,16,1,0.0,2802.582013663013
2017-07-20 10:00:00,0,7,False,14,1,0.0,696.2448021631644
2017-07-20 11:00:00,0,8,False,16,1,0.0,1401.2910068315066
2017-07-20 12:00:00,10,20,False,16,1,1751.6137585393833,3503.2275170787666
2017-07-20 13:00:00,0,0,False,15,1,0.0,0.0
2017-07-20 14:00:00,0,0,False,15,1,0.0,0.0
2017-07-20 15:00:00,0,0,False,19,1,0.0,0.0
2017-07-20 16:00:00,0,0,False,18,1,0.0,0.0
2017-07-20 17:00:00,0,0,False,15,1,0.0,0.0
2017-07-20 18:00:00,50,100,False,17,1,8758.068792696917,17516.137585393833
2017-07-20 19:00:00,0,32,False,18,1,0.0,5605.164027326026
2017-07-20 20:00:00,0,0,False,19,1,0.0,0.0
2017-07-20 21:00:00,0,0,False,19,1,0.0,0.0
2017-07-20 22:00:00,0,6,False,19,1,0.0,1050.96825512363
2017-07-20 23:00:00,4,4,False,17,1,700.6455034157533,700.6455034157533
2017-07-21 00:00:00,0,4,False,19,1,0.0,700.6455034157533
2017-07-21 01:00:00,0,7,False,18,1,0.0,1226.1296309775682
2017-07-21 02:00:00,0,7,False,18,1,0.0,1226.1296309775682
2017-07-21 03:00:00,4,4,False,15,1,700.6455034157533,700.6455034157533
2017-07-21 04:00:00,0,0,False,18,1,0.0,0.0
2017-07-21 05:00:00,0,4,False,17,1,0.0,700.6455034157533
2017-07-21 06:00:00,0,0,False,15,1,0.0,0.0
2017-07-21 07:00:00,0,16,False,16,1,0.0,2802.582013663013
2017-07-21 08:00:00,20,20,False,20,1,1465.8264125096139,1465.8264125096139
2017-07-21 09:00:00,0,0,False,20,1,0.0,0.0
2017-07-21 10:00:00,0,8,False,16,1,0.0,1401.2910068315066
2017-07-21 11:00:00,13,0,False,19,1,2277.097886101198,0.0
2017-07-21 12:00:00,0,5,False,16,1,0.0,875.8068792696916
2017-07-21 13:00:00,0,0,False,19,1,0.0,0.0
2017-07-21 14:00:00,0,0,False,19,1,0.0,0.0
2017-07-21 15:00:00,0,0,False,18,1,0.0,0.0
2017-07-21 16:00:00,0,33,False,17,1,0.0,5780.325403179964
2017-07-21 17:00:00,0,0,False,16,1,0.0,0.0
2017-07-21 18:00:00,0,0,False,20,1,0.0,0.0
2017-07-21 19:00:00,0,0,False,18,1,0.0,0.0
2017-07-21 20:00:00,0,23,False,18,1,0.0,4028.7116446405817
2017-07-21 21:00:00,26,0,False,20,1,1905.574336262498,0.0
2017-07-21 22:00:00,0,0,False,19,1,0.0,0.0
2017-07-21 23:00:00,0,0,False,17,1,0.0,0.0
2017-07-22 00:00:00,0,12,False,21,1,0.0,879.4958475057683
2017-07-22 01:00:00,0,0,False,21,1,0.0,0.0
2017-07-22 02:00:00,0,22,False,20,1,0.0,1612.4090537605753
2017-07-22 03:00:00,0,0,False,17,1,0.0,0.0
2017-07-22 04:00:00,0,9,False,18,1,0.0,1576.452382685445
2017-07-22 05:00:00,0,0,False,16,1,0.0,0.0
2017-07-22 06:00:00,4,0,False,19,1,700.6455034157533,0.0
2017-07-22 07:00:00,0,0,False,17,1,0.0,0.0
2017-07-22 08:00:00,0,0,False,18,1,0.0,0.0
2017-07-22 09:00:00,0,4,False,18,1,0.0,700.6455034157533
2017-07-22 10:00:00,0,4,False,16,1,0.0,700.6455034157533
2017-07-22 11:00:00,0,9,False,18,1,0.0,1576.452382685445
2017-07-22 12:00:00,0,26,False,21,1,0.0,1905.574336262498
2017-07-22 13:00:00,0,0,False,18,1,0.0,0.0
2017-07-22 14:00:00,0,0,False,19,1,0.0,0.0
2017-07-22 15:00:00,0,0,False,21,1,0.0,0.0
2017-07-22 16:00:00,0,0,False,18,1,0.0,0.0
2017-07-22 17:00:00,0,0,False,18,1,0.0,0.0
2017-07-22 18:00:00,0,0,False,17,1,0.0,0.0
2017-07-22 19:00:00,0,0,False,18,1,0.0,0.0
2017-07-22 20:00:00,0,0,False,21,1,0.0,0.0
2017-07-22 21:00:00,0,30,False,21,1,0.0,2198.739618764421
2017-07-22 22:00:00,0,8,False,17,1,0.0,1401.2910068315066
2017-07-22 23:00:00,18,0,False,18,1,3152.90476537089,0.0
2017-07-23 00:00:00,0,12,False,20,1,0.0,879.4958475057683
2017-07-23 01:00:00,0,0,False,17,1,0.0,0.0
2017-07-23 02:00:00,0,9,False,18,1,0.0,1576.452382685445
2017-07-23 03:00:00,0,4,False,18,1,0.0,700.6455034157533
2017-07-23 04:00:00,4,4,False,19,1,700.6455034157533,700.6455034157533
2017-07-23 05:00:00,0,10,False,20,1,0.0,732.9132062548069
2017-07-23 06:00:00,0,4,False,19,1,0.0,700.6455034157533
2017-07-23 07:00:00,0,4,False,17,1,0.0,700.6455034157533
2017-07-23 08:00:00,0,9,False,20,1,0.0,659.6218856293262
2017-07-23 09:00:00,0,18,False,20,1,0.0,1319.2437712586525
2017-07-23 10:00:00,7,11,False,17,1,1226.1296309775682,1926.7751343933217
2017-07-23 11:00:00,0,0,False,19,1,0.0,0.0
2017-07-23 12:00:00,0,0,False,21,1,0.0,0.0
2017-07-23 13:00:00,0,0,False,18,1,0.0,0.0
2017-07-23 14:00:00,0,0,False,19,1,0.0,0.0
2017-07-23 15:00:00,0,24,False,19,1,0.0,4203.87302049452
2017-07-23 16:00:00,0,0,False,20,1,0.0,0.0
2017-07-23 17:00:00,0,0,False,21,1,0.0,0.0
2017-07-23 18:00:00,0,0,False,21,1,0.0,0.0
2017-07-23 19:00:00,0,0,False,21,1,0.0,0.0
2017-07-23 20:00:00,0,18,False,18,1,0.0,3152.90476537089
2017-07-23 21:00:00,0,9,False,18,1,0.0,1576.452382685445
2017-07-23 22:00:00,6,0,False,18,1,1050.96825512363,0.0
2017-07-23 23:00:00,0,4,False,19,1,0.0,700.6455034157533
2017-07-24 00:00:00,4,7,False,19,1,700.6455034157533,1226.1296309775682
2017-07-24 01:00:00,3,7,False,19,1,525.484127561815,1226.1296309775682
2017-07-24 02:00:00,7,7,False,18,1,1226.1296309775682,1226.1296309775682
2017-07-24 03:00:00,7,3,False,19,1,1226.1296309775682,525.484127561815
2017-07-24 04:00:00,0,0,False,20,1,0.0,0.0
2017-07-24 05:00:00,0,7,False,19,1,0.0,1226.1296309775682
2017-07-24 06:00:00,0,0,False,23,1,0.0,0.0
2017-07-24 07:00:00,9,17,False,21,1,659.6218856293262,1245.9524506331718
2017-07-24 08:00:00,0,44,False,21,1,0.0,3224.8181075211505
2017-07-24 09:00:00,0,7,False,19,1,0.0,1226.1296309775682
2017-07-24 10:00:00,0,26,False,20,1,0.0,1905.574336262498
2017-07-24 11:00:00,8,15,False,22,1,693.7650206674265,1300.8094137514247
2017-07-24 12:00:00,0,5,False,18,1,0.0,875.8068792696916
2017-07-24 13:00:00,0,0,False,22,1,0.0,0.0
2017-07-24 14:00:00,0,0,False,23,1,0.0,0.0
2017-07-24 15:00:00,0,0,False,19,1,0.0,0.0
2017-07-24 16:00:00,0,42,False,19,1,0.0,7356.77778586541
2017-07-24 17:00:00,0,0,False,23,1,0.0,0.0
2017-07-24 18:00:00,0,0,False,19,1,0.0,0.0
2017-07-24 19:00:00,0,0,False,20,1,0.0,0.0
2017-07-24 20:00:00,0,0,False,22,1,0.0,0.0
2017-07-24 21:00:00,0,0,False,20,1,0.0,0.0
2017-07-24 22:00:00,0,0,False,23,1,0.0,0.0
2017-07-24 23:00:00,0,12,False,19,1,0.0,2101.93651024726
2017-07-25 00:00:00,22,6,False,24,1,2503.3495585294636,682.7316977807628
2017-07-25 01:00:00,8,32,False,21,1,586.3305650038455,2345.322260015382
2017-07-25 02:00:00,0,5,False,23,1,0.0,568.9430814839691
2017-07-25 03:00:00,3,3,False,19,1,525.484127561815,525.484127561815
2017-07-25 04:00:00,0,33,False,22,1,0.0,2861.780710253134
2017-07-25 05:00:00,0,0,False,24,1,0.0,0.0
2017-07-25 06:00:00,0,16,False,21,1,0.0,1172.661130007691
2017-07-25 07:00:00,0,44,False,20,1,0.0,3224.8181075211505
2017-07-25 08:00:00,9,36,False,21,1,659.6218856293262,2638.487542517305
2017-07-25 09:00:00,0,0,False,20,1,0.0,0.0
2017-07-25 10:00:00,0,6,False,24,1,0.0,682.7316977807628
2017-07-25 11:00:00,0,9,False,20,1,0.0,659.6218856293262
2017-07-25 12:00:00,8,0,False,24,1,910.3089303743504,0.0
2017-07-25 13:00:00,0,19,False,20,1,0.0,1392.5350918841332
2017-07-25 14:00:00,0,27,False,22,1,0.0,2341.4569447525646
2017-07-25 15:00:00,0,37,False,23,1,0.0,4210.178802981371
2017-07-25 16:00:00,0,83,False,22,1,0.0,7197.812089424549
2017-07-25 17:00:00,0,0,False,23,1,0.0,0.0
2017-07-25 18:00:00,0,0,False,22,1,0.0,0.0
2017-07-25 19:00:00,0,0,False,20,1,0.0,0.0
2017-07-25 20:00:00,25,0,False,23,1,2844.715407419845,0.0
2017-07-25 21:00:00,41,0,False,21,1,3004.9441456447084,0.0
2017-07-25 22:00:00,0,0,False,23,1,0.0,0.0
2017-07-25 23:00:00,6,18,False,23,1,682.7316977807628,2048.1950933422886
2017-07-26 00:00:00,0,5,False,24,1,0.0,568.9430814839691
2017-07-26 01:00:00,10,5,False,25,1,1137.8861629679382,568.9430814839691
2017-07-26 02:00:00,7,26,False,22,1,607.0443930839982,2254.736317169136
2017-07-26 03:00:00,8,32,False,20,1,586.3305650038455,2345.322260015382
2017-07-26 04:00:00,5,15,False,23,1,568.9430814839691,1706.829244451907
2017-07-26 05:00:00,5,5,False,23,1,568.9430814839691,568.9430814839691
2017-07-26 06:00:00,0,16,False,24,1,0.0,1820.6178607487009
2017-07-26 07:00:00,0,0,False,25,1,0.0,0.0
2017-07-26 08:00:00,15,15,False,22,1,1300.8094137514247,1300.8094137514247
2017-07-26 09:00:00,9,35,False,20,1,659.6218856293262,2565.1962218918243
2017-07-26 10:00:00,0,5,False,23,1,0.0,568.9430814839691
2017-07-26 11:00:00,6,18,False,23,1,682.7316977807628,2048.1950933422886
2017-07-26 12:00:00,0,20,False,22,1,0.0,1734.4125516685663
2017-07-26 13:00:00,0,0,False,23,1,0.0,0.0
2017-07-26 14:00:00,0,0,False,24,1,0.0,0.0
2017-07-26 15:00:00,0,0,False,22,1,0.0,0.0
2017-07-26 16:00:00,0,0,False,22,1,0.0,0.0
2017-07-26 17:00:00,0,0,False,23,1,0.0,0.0
2017-07-26 18:00:00,0,0,False,22,1,0.0,0.0
2017-07-26 19:00:00,0,0,False,25,1,0.0,0.0
2017-07-26 20:00:00,38,38,False,21,1,2785.0701837682664,2785.0701837682664
2017-07-26 21:00:00,0,52,False,24,1,0.0,5917.008047433278
2017-07-26 22:00:00,0,17,False,24,1,0.0,1934.4064770454947
2017-07-26 23:00:00,15,15,False,22,1,1300.8094137514247,1300.8094137514247
2017-07-27 00:00:00,8,0,False,21,1,586.3305650038455,0.0
2017-07-27 01:00:00,0,8,False,21,1,0.0,586.3305650038455
2017-07-27 02:00:00,7,7,False,22,1,607.0443930839982,607.0443930839982
2017-07-27 03:00:00,5,5,False,24,1,568.9430814839691,568.9430814839691
2017-07-27 04:00:00,10,10,False,25,1,1137.8861629679382,1137.8861629679382
2017-07-27 05:00:00,0,5,False,25,1,0.0,568.9430814839691
2017-07-27 06:00:00,0,0,False,21,1,0.0,0.0
2017-07-27 07:00:00,0,6,False,26,1,0.0,682.7316977807628
2017-07-27 08:00:00,0,6,False,24,1,0.0,682.7316977807628
2017-07-27 09:00:00,6,29,False,24,1,682.7316977807628,3299.86987260702
2017-07-27 10:00:00,0,6,False,26,1,0.0,682.7316977807628
2017-07-27 11:00:00,0,0,False,25,1,0.0,0.0
2017-07-27 12:00:00,0,8,False,26,1,0.0,910.3089303743504
2017-07-27 13:00:00,0,0,False,25,1,0.0,0.0
2017-07-27 14:00:00,0,20,False,26,1,0.0,2275.7723259358763
2017-07-27 15:00:00,0,0,False,23,1,0.0,0.0
2017-07-27 16:00:00,0,58,False,23,1,0.0,6599.73974521404
2017-07-27 17:00:00,0,77,False,25,1,0.0,8761.723454853123
2017-07-27 18:00:00,0,0,False,26,1,0.0,0.0
2017-07-27 19:00:00,0,0,False,23,1,0.0,0.0
2017-07-27 20:00:00,0,0,False,26,1,0.0,0.0
2017-07-27 21:00:00,0,0,False,22,1,0.0,0.0
2017-07-27 22:00:00,11,11,False,22,1,953.9269034177114,953.9269034177114
2017-07-27 23:00:00,6,12,False,26,1,682.7316977807628,1365.4633955615257
2017-07-28 00:00:00,14,22,False,22,1,1214.0887861679964,1907.8538068354228
2017-07-28 01:00:00,0,0,False,23,1,0.0,0.0
2017-07-28 02:00:00,0,16,False,26,1,0.0,1820.6178607487009
2017-07-28 03:00:00,0,16,False,27,1,0.0,1820.6178607487009
2017-07-28 04:00:00,0,40,False,22,1,0.0,3468.8251033371325
2017-07-28 05:00:00,0,17,False,27,1,0.0,1934.4064770454947
2017-07-28 06:00:00,6,44,False,24,1,682.7316977807628,5006.699117058927
2017-07-28 07:00:00,12,24,False,26,1,1365.4633955615257,2730.9267911230513
2017-07-28 08:00:00,6,37,False,23,1,682.7316977807628,4210.178802981371
2017-07-28 09:00:00,0,25,False,25,1,0.0,2844.715407419845
2017-07-28 10:00:00,6,31,False,27,1,682.7316977807628,3527.447105200608
2017-07-28 11:00:00,7,27,False,24,1,796.5203140775566,3072.292640013433
2017-07-28 12:00:00,16,56,False,25,1,1820.6178607487009,6372.162512620453
2017-07-28 13:00:00,0,11,False,26,1,0.0,1251.6747792647318
2017-07-28 14:00:00,18,71,False,26,1,2048.1950933422886,8078.99175707236
2017-07-28 15:00:00,0,30,False,25,1,0.0,3413.658488903814
2017-07-28 16:00:00,0,100,False,23,1,0.0,11378.86162967938
2017-07-28 17:00:00,0,0,False,27,1,0.0,0.0
2017-07-28 18:00:00,0,0,False,27,1,0.0,0.0
2017-07-28 19:00:00,0,65,False,25,1,0.0,7396.260059291597
2017-07-28 20:00:00,0,0,False,25,1,0.0,0.0
2017-07-28 21:00:00,16,97,False,24,1,1820.6178607487009,11037.495780788999
2017-07-28 22:00:00,11,32,False,25,1,1251.6747792647318,3641.2357214974018
2017-07-28 23:00:00,0,17,False,26,1,0.0,1934.4064770454947
2017-07-29 00:00:00,0,30,False,25,1,0.0,3413.658488903814
2017-07-29 01:00:00,8,38,False,28,1,845.4531248530631,4015.9023430520497
2017-07-29 02:00:00,0,21,False,25,1,0.0,2389.5609422326697
2017-07-29 03:00:00,0,7,False,26,1,0.0,796.5203140775566
2017-07-29 04:00:00,7,13,False,23,1,796.5203140775566,1479.2520118583195
2017-07-29 05:00:00,0,13,False,23,1,0.0,1479.2520118583195
2017-07-29 06:00:00,0,26,False,26,1,0.0,2958.504023716639
2017-07-29 07:00:00,0,32,False,26,1,0.0,3641.2357214974018
2017-07-29 08:00:00,0,6,False,26,1,0.0,682.7316977807628
2017-07-29 09:00:00,0,13,False,27,1,0.0,1479.2520118583195
2017-07-29 10:00:00,0,7,False,23,1,0.0,796.5203140775566
2017-07-29 11:00:00,14,0,False,27,1,1593.0406281551132,0.0
2017-07-29 12:00:00,0,0,False,24,1,0.0,0.0
2017-07-29 13:00:00,0,22,False,26,1,0.0,2503.3495585294636
2017-07-29 14:00:00,0,0,False,25,1,0.0,0.0
2017-07-29 15:00:00,0,28,False,27,1,0.0,3186.0812563102263
2017-07-29 16:00:00,0,0,False,26,1,0.0,0.0
2017-07-29 17:00:00,0,68,False,27,1,0.0,7737.625908181979
2017-07-29 18:00:00,0,0,False,24,1,0.0,0.0
2017-07-29 19:00:00,0,0,False,26,1,0.0,0.0
2017-07-29 20:00:00,0,0,False,28,1,0.0,0.0
2017-07-29 21:00:00,36,36,False,27,1,4096.390186684577,4096.390186684577
2017-07-29 22:00:00,0,0,False,28,1,0.0,0.0
2017-07-29 23:00:00,0,0,False,27,1,0.0,0.0
2017-07-30 00:00:00,0,15,False,27,1,0.0,1706.829244451907
2017-07-30 01:00:00,7,7,False,26,1,796.5203140775566,796.5203140775566
2017-07-30 02:00:00,7,28,False,26,1,796.5203140775566,3186.0812563102263
2017-07-30 03:00:00,0,14,False,26,1,0.0,1593.0406281551132
2017-07-30 04:00:00,0,7,False,28,1,0.0,739.7714842464302
2017-07-30 05:00:00,0,0,False,26,1,0.0,0.0
2017-07-30 06:00:00,0,6,False,24,1,0.0,682.7316977807628
2017-07-30 07:00:00,0,20,False,29,1,0.0,2113.632812132658
2017-07-30 08:00:00,6,0,False,26,1,682.7316977807628,0.0
2017-07-30 09:00:00,0,0,False,26,1,0.0,0.0
2017-07-30 10:00:00,0,17,False,27,1,0.0,1934.4064770454947
2017-07-30 11:00:00,6,12,False,25,1,682.7316977807628,1365.4633955615257
2017-07-30 12:00:00,8,8,False,24,1,910.3089303743504,910.3089303743504
2017-07-30 13:00:00,0,0,False,28,1,0.0,0.0
2017-07-30 14:00:00,0,21,False,26,1,0.0,2389.5609422326697
2017-07-30 15:00:00,0,42,False,28,1,0.0,4438.628905478581
2017-07-30 16:00:00,0,0,False,26,1,0.0,0.0
2017-07-30 17:00:00,0,0,False,25,1,0.0,0.0
2017-07-30 18:00:00,0,100,False,29,1,0.0,10568.164060663288
2017-07-30 19:00:00,0,0,False,27,1,0.0,0.0
2017-07-30 20:00:00,0,0,False,27,1,0.0,0.0
2017-07-30 21:00:00,0,44,False,29,1,0.0,4649.992186691847
2017-07-30 22:00:00,17,17,False,27,1,1934.4064770454947,1934.4064770454947
2017-07-30 23:00:00,6,0,False,29,1,634.0898436397973,0.0
2017-07-31 00:00:00,6,11,False,29,1,634.0898436397973,1162.4980466729617
2017-07-31 01:00:00,0,10,False,25,1,0.0,1137.8861629679382
2017-07-31 02:00:00,0,14,False,25,1,0.0,1593.0406281551132
2017-07-31 03:00:00,5,14,False,25,1,568.9430814839691,1593.0406281551132
2017-07-31 04:00:00,20,25,False,28,1,2113.632812132658,2642.041015165822
2017-07-31 05:00:00,0,20,False,25,1,0.0,2275.7723259358763
2017-07-31 06:00:00,5,5,False,25,1,568.9430814839691,568.9430814839691
2017-07-31 07:00:00,0,17,False,29,1,0.0,1796.587890312759
2017-07-31 08:00:00,0,0,False,29,1,0.0,0.0
2017-07-31 09:00:00,6,11,False,27,1,682.7316977807628,1251.6747792647318
2017-07-31 10:00:00,6,12,False,29,1,634.0898436397973,1268.1796872795946
2017-07-31 11:00:00,6,0,False,28,1,634.0898436397973,0.0
2017-07-31 12:00:00,0,8,False,26,1,0.0,910.3089303743504
2017-07-31 13:00:00,0,13,False,28,1,0.0,1373.8613278862274
2017-07-31 14:00:00,0,23,False,30,1,0.0,2429.8121079789266
2017-07-31 15:00:00,0,0,False,27,1,0.0,0.0
2017-07-31 16:00:00,0,0,False,28,1,0.0,0.0
2017-07-31 17:00:00,0,92,False,26,1,0.0,10468.55269930503
2017-07-31 18:00:00,0,91,False,26,1,0.0,10354.764083008236
2017-07-31 19:00:00,0,0,False,29,1,0.0,0.0
2017-07-31 20:00:00,0,0,False,27,1,0.0,0.0
2017-07-31 21:00:00,0,14,False,29,1,0.0,1479.5429684928604
2017-07-31 22:00:00,0,0,False,29,1,0.0,0.0
2017-07-31 23:00:00,13,25,False,30,1,1373.3720610315672,2641.1001173683985
2017-08-01 00:00:00,12,6,False,29,1,1268.1796872795946,634.0898436397973
2017-08-01 01:00:00,0,39,False,31,1,0.0,3489.159670601095
2017-08-01 02:00:00,0,11,False,29,1,0.0,1162.4980466729617
2017-08-01 03:00:00,11,11,False,28,1,1162.4980466729617,1162.4980466729617
2017-08-01 04:00:00,0,21,False,30,1,0.0,2218.5240985894548
2017-08-01 05:00:00,0,6,False,28,1,0.0,634.0898436397973
2017-08-01 06:00:00,6,11,False,30,1,633.8640281684156,1162.0840516420953
2017-08-01 07:00:00,0,12,False,30,1,0.0,1267.7280563368313
2017-08-01 08:00:00,0,6,False,30,1,0.0,633.8640281684156
2017-08-01 09:00:00,7,7,False,31,1,626.2594280566068,626.2594280566068
2017-08-01 10:00:00,0,22,False,26,1,0.0,2503.3495585294636
2017-08-01 11:00:00,0,6,False,26,1,0.0,682.7316977807628
2017-08-01 12:00:00,0,0,False,30,1,0.0,0.0
2017-08-01 13:00:00,0,0,False,30,1,0.0,0.0
2017-08-01 14:00:00,22,0,False,27,1,2503.3495585294636,0.0
2017-08-01 15:00:00,0,0,False,29,1,0.0,0.0
2017-08-01 16:00:00,0,0,False,27,1,0.0,0.0
2017-08-01 17:00:00,0,0,False,31,1,0.0,0.0
2017-08-01 18:00:00,0,0,False,31,1,0.0,0.0
2017-08-01 19:00:00,0,0,False,30,1,0.0,0.0
2017-08-01 20:00:00,25,25,False,30,1,2641.1001173683985,2641.1001173683985
2017-08-01 21:00:00,13,0,False,29,1,1373.8613278862274,0.0
2017-08-01 22:00:00,9,26,False,30,1,950.7960422526235,2746.7441220631345
2017-08-01 23:00:00,7,21,False,31,1,626.2594280566068,1878.7782841698204
2017-08-02 00:00:00,10,26,False,27,1,1137.8861629679382,2958.504023716639
2017-08-02 01:00:00,0,5,False,28,1,0.0,528.4082030331645
2017-08-02 02:00:00,5,16,False,28,1,528.4082030331645,1690.9062497061261
2017-08-02 03:00:00,13,13,False,31,1,1163.0532235336984,1163.0532235336984
2017-08-02 04:00:00,5,15,False,29,1,528.4082030331645,1585.2246090994931
2017-08-02 05:00:00,0,17,False,30,1,0.0,1795.948079810511
2017-08-02 06:00:00,0,18,False,32,1,0.0,1735.7296679988747
2017-08-02 07:00:00,0,33,False,32,1,0.0,3182.1710579979367
2017-08-02 08:00:00,0,15,False,31,1,0.0,1341.984488692729
2017-08-02 09:00:00,0,49,False,28,1,0.0,5178.400389725011
2017-08-02 10:00:00,0,24,False,30,1,0.0,2535.4561126736626
2017-08-02 11:00:00,0,19,False,30,1,0.0,2007.2360891999829
2017-08-02 12:00:00,0,15,False,27,1,0.0,1706.829244451907
2017-08-02 13:00:00,0,37,False,29,1,0.0,3910.2207024454165
2017-08-02 14:00:00,0,51,False,31,1,0.0,4562.747261555278
2017-08-02 15:00:00,0,0,False,28,1,0.0,0.0
2017-08-02 16:00:00,0,0,False,32,1,0.0,0.0
2017-08-02 17:00:00,0,0,False,30,1,0.0,0.0
2017-08-02 18:00:00,0,0,False,31,1,0.0,0.0
2017-08-02 19:00:00,0,53,False,28,1,0.0,5601.126952151542
2017-08-02 20:00:00,0,0,False,29,1,0.0,0.0
2017-08-02 21:00:00,0,28,False,32,1,0.0,2700.0239279982493
2017-08-02 22:00:00,10,50,False,31,1,894.6563257951526,4473.281628975763
2017-08-02 23:00:00,12,18,False,28,1,1268.1796872795946,1902.2695309193919
2017-08-03 00:00:00,0,33,False,31,1,0.0,2952.3658751240037
2017-08-03 01:00:00,22,11,False,29,1,2324.9960933459233,1162.4980466729617
2017-08-03 02:00:00,16,11,False,29,1,1690.9062497061261,1162.4980466729617
2017-08-03 03:00:00,7,20,False,31,1,626.2594280566068,1789.3126515903052
2017-08-03 04:00:00,0,31,False,31,1,0.0,2773.434609964973
2017-08-03 05:00:00,0,3,False,33,1,0.0,1445.283649089156
2017-08-03 06:00:00,22,6,False,30,1,2324.1681032841907,633.8640281684156
2017-08-03 07:00:00,7,14,False,31,1,626.2594280566068,1252.5188561132136
2017-08-03 08:00:00,6,6,False,28,1,634.0898436397973,634.0898436397973
2017-08-03 09:00:00,0,6,False,29,1,0.0,634.0898436397973
2017-08-03 10:00:00,7,21,False,31,1,626.2594280566068,1878.7782841698204
2017-08-03 11:00:00,0,0,False,29,1,0.0,0.0
2017-08-03 12:00:00,10,0,False,31,1,894.6563257951526,0.0
2017-08-03 13:00:00,13,13,False,32,1,1253.5825379991873,1253.5825379991873
2017-08-03 14:00:00,23,23,False,32,1,2217.876797998562,2217.876797998562
2017-08-03 15:00:00,0,0,False,31,1,0.0,0.0
2017-08-03 16:00:00,0,0,False,31,1,0.0,0.0
2017-08-03 17:00:00,0,0,False,33,1,0.0,0.0
2017-08-03 18:00:00,0,0,False,29,1,0.0,0.0
2017-08-03 19:00:00,0,0,False,29,1,0.0,0.0
2017-08-03 20:00:00,0,0,False,33,1,0.0,0.0
2017-08-03 21:00:00,0,0,False,31,1,0.0,0.0
2017-08-03 22:00:00,9,18,False,29,1,951.1347654596959,1902.2695309193919
2017-08-03 23:00:00,1,1,False,33,1,481.761216363052,481.761216363052
2017-08-04 00:00:00,6,18,False,29,1,634.0898436397973,1902.2695309193919
2017-08-04 01:00:00,0,1,False,34,1,0.0,1339.7851156489564
2017-08-04 02:00:00,3,0,False,33,1,1445.283649089156,0.0
2017-08-04 03:00:00,0,19,False,32,1,0.0,1832.159093998812
2017-08-04 04:00:00,0,1,False,34,1,0.0,1339.7851156489564
2017-08-04 05:00:00,12,6,False,29,1,1268.1796872795946,634.0898436397973
2017-08-04 06:00:00,0,13,False,32,1,0.0,1253.5825379991873
2017-08-04 07:00:00,0,13,False,29,1,0.0,1373.8613278862274
2017-08-04 08:00:00,8,16,False,31,1,715.7250606361221,1431.4501212722441
2017-08-04 09:00:00,0,0,False,30,1,0.0,0.0
2017-08-04 10:00:00,0,13,False,29,1,0.0,1373.8613278862274
2017-08-04 11:00:00,0,8,False,32,1,0.0,771.4354079994998
2017-08-04 12:00:00,2,4,False,33,1,963.522432726104,1927.044865452208
2017-08-04 13:00:00,0,0,False,32,1,0.0,0.0
2017-08-04 14:00:00,42,0,False,32,1,4050.035891997374,0.0
2017-08-04 15:00:00,0,3,False,34,1,0.0,4019.3553469468693
2017-08-04 16:00:00,0,0,False,30,1,0.0,0.0
2017-08-04 17:00:00,0,0,False,30,1,0.0,0.0
2017-08-04 18:00:00,0,85,False,30,1,0.0,8979.740399052554
2017-08-04 19:00:00,0,0,False,31,1,0.0,0.0
2017-08-04 20:00:00,0,0,False,31,1,0.0,0.0
2017-08-04 21:00:00,0,17,False,30,1,0.0,1795.948079810511
2017-08-04 22:00:00,24,0,False,32,1,2314.3062239984993,0.0
2017-08-04 23:00:00,0,0,False,31,1,0.0,0.0
2017-08-05 00:00:00,0,4,False,33,1,0.0,1927.044865452208
2017-08-05 01:00:00,0,0,False,31,1,0.0,0.0
2017-08-05 02:00:00,7,45,False,30,1,739.5080328631516,4753.980211263117
2017-08-05 03:00:00,0,0,False,31,1,0.0,0.0
2017-08-05 04:00:00,9,17,False,31,1,805.1906932156373,1520.9157538517593
2017-08-05 05:00:00,0,3,False,33,1,0.0,1445.283649089156
2017-08-05 06:00:00,8,16,False,31,1,715.7250606361221,1431.4501212722441
2017-08-05 07:00:00,7,7,False,30,1,739.5080328631516,739.5080328631516
2017-08-05 08:00:00,1,1,False,35,1,1339.7851156489564,1339.7851156489564
2017-08-05 09:00:00,0,0,False,33,1,0.0,0.0
2017-08-05 10:00:00,0,1,False,34,1,0.0,1339.7851156489564
2017-08-05 11:00:00,0,0,False,32,1,0.0,0.0
2017-08-05 12:00:00,0,29,False,32,1,0.0,2796.4533539981867
2017-08-05 13:00:00,0,3,False,33,1,0.0,1445.283649089156
2017-08-05 14:00:00,0,20,False,32,1,0.0,1928.5885199987497
2017-08-05 15:00:00,0,0,False,33,1,0.0,0.0
2017-08-05 16:00:00,11,0,False,33,1,5299.373379993572,0.0
2017-08-05 17:00:00,0,0,False,33,1,0.0,0.0
2017-08-05 18:00:00,0,0,False,34,1,0.0,0.0
2017-08-05 19:00:00,0,0,False,31,1,0.0,0.0
2017-08-05 20:00:00,0,0,False,34,1,0.0,0.0
2017-08-05 21:00:00,0,21,False,32,1,0.0,2025.017945998687
2017-08-05 22:00:00,0,1,False,35,1,0.0,1339.7851156489564
2017-08-05 23:00:00,0,30,False,32,1,0.0,2892.8827799981245
2017-08-06 00:00:00,0,0,False,35,1,0.0,0.0
2017-08-06 01:00:00,16,25,False,32,1,1542.8708159989997,2410.735649998437
2017-08-06 02:00:00,0,9,False,31,1,0.0,805.1906932156373
2017-08-06 03:00:00,0,8,False,32,1,0.0,771.4354079994998
2017-08-06 04:00:00,1,1,False,35,1,1339.7851156489564,1339.7851156489564
2017-08-06 05:00:00,2,1,False,34,1,2679.570231297913,1339.7851156489564
2017-08-06 06:00:00,0,0,False,33,1,0.0,0.0
2017-08-06 07:00:00,1,1,False,35,1,1339.7851156489564,1339.7851156489564
2017-08-06 08:00:00,1,2,False,35,1,1339.7851156489564,2679.570231297913
2017-08-06 09:00:00,7,20,False,32,1,675.0059819995623,1928.5885199987497
2017-08-06 10:00:00,0,2,False,34,1,0.0,2679.570231297913
2017-08-06 11:00:00,0,1,False,35,1,0.0,1339.7851156489564
2017-08-06 12:00:00,0,9,False,32,1,0.0,867.8648339994373
2017-08-06 13:00:00,0,0,False,33,1,0.0,0.0
2017-08-06 14:00:00,5,5,False,33,1,2408.80608181526,2408.80608181526
2017-08-06 15:00:00,0,3,False,35,1,0.0,4019.3553469468693
2017-08-06 16:00:00,0,0,False,32,1,0.0,0.0
2017-08-06 17:00:00,0,0,False,34,1,0.0,0.0
2017-08-06 18:00:00,0,7,False,35,1,0.0,9378.495809542695
2017-08-06 19:00:00,0,0,False,34,1,0.0,0.0
2017-08-06 20:00:00,0,2,False,34,1,0.0,2679.570231297913
2017-08-06 21:00:00,0,10,False,33,1,0.0,4817.61216363052
2017-08-06 22:00:00,0,1,False,34,1,0.0,1339.7851156489564
2017-08-06 23:00:00,0,1,False,36,1,0.0,1339.7851156489564
2017-08-07 00:00:00,0,2,False,37,1,0.0,2679.570231297913
2017-08-07 01:00:00,0,1,False,35,1,0.0,1339.7851156489564
2017-08-07 02:00:00,0,2,False,34,1,0.0,2679.570231297913
2017-08-07 03:00:00,0,3,False,37,1,0.0,4019.3553469468693
2017-08-07 04:00:00,2,3,False,35,1,2679.570231297913,4019.3553469468693
2017-08-07 05:00:00,1,5,False,33,1,481.761216363052,2408.80608181526
2017-08-07 06:00:00,1,2,False,37,1,1339.7851156489564,2679.570231297913
2017-08-07 07:00:00,0,5,False,37,1,0.0,6698.925578244782
2017-08-07 08:00:00,1,4,False,36,1,1339.7851156489564,5359.140462595826
2017-08-07 09:00:00,0,4,False,36,1,0.0,5359.140462595826
2017-08-07 10:00:00,2,3,False,35,1,2679.570231297913,4019.3553469468693
2017-08-07 11:00:00,0,3,False,36,1,0.0,4019.3553469468693
2017-08-07 12:00:00,2,13,False,33,1,963.522432726104,6262.895812719676
2017-08-07 13:00:00,3,11,False,33,1,1445.283649089156,5299.373379993572
2017-08-07 14:00:00,2,5,False,35,1,2679.570231297913,6698.925578244782
2017-08-07 15:00:00,0,19,False,36,1,0.0,25455.91719733017
2017-08-07 16:00:00,0,0,False,33,1,0.0,0.0
2017-08-07 17:00:00,0,0,False,34,1,0.0,0.0
2017-08-07 18:00:00,0,0,False,34,1,0.0,0.0
2017-08-07 19:00:00,0,12,False,33,1,0.0,5781.134596356624
2017-08-07 20:00:00,0,8,False,37,1,0.0,10718.280925191651
2017-08-07 21:00:00,0,3,False,34,1,0.0,4019.3553469468693
2017-08-07 22:00:00,0,11,False,33,1,0.0,5299.373379993572
2017-08-07 23:00:00,0,2,False,34,1,0.0,2679.570231297913
2017-08-08 00:00:00,0,5,False,37,1,0.0,6698.925578244782
2017-08-08 01:00:00,1,4,False,38,1,1339.7851156489564,5359.140462595826
2017-08-08 02:00:00,1,6,False,37,1,1339.7851156489564,8038.710693893739
2017-08-08 03:00:00,2,6,False,35,1,2679.570231297913,8038.710693893739
2017-08-08 04:00:00,1,5,False,36,1,1339.7851156489564,6698.925578244782
2017-08-08 05:00:00,1,3,False,35,1,1339.7851156489564,4019.3553469468693
2017-08-08 06:00:00,1,9,False,37,1,1339.7851156489564,12058.066040840607
2017-08-08 07:00:00,1,9,False,38,1,1339.7851156489564,12058.066040840607
2017-08-08 08:00:00,2,14,False,35,1,2679.570231297913,18756.99161908539
2017-08-08 09:00:00,2,9,False,34,1,2679.570231297913,12058.066040840607
2017-08-08 10:00:00,5,60,False,33,1,2408.80608181526,28905.67298178312
2017-08-08 11:00:00,2,22,False,37,1,2679.570231297913,29475.272544277042
2017-08-08 12:00:00,0,36,False,35,1,0.0,48232.26416336243
2017-08-08 13:00:00,0,46,False,38,1,0.0,61630.115319852
2017-08-08 14:00:00,2,33,False,35,1,2679.570231297913,44212.90881641556
2017-08-08 15:00:00,0,57,False,35,1,0.0,76367.75159199051
2017-08-08 16:00:00,0,100,False,37,1,0.0,133978.51156489566
2017-08-08 17:00:00,0,13,False,37,1,0.0,17417.206503436435
2017-08-08 18:00:00,0,20,False,35,1,0.0,26795.702312979127
2017-08-08 19:00:00,0,62,False,35,1,0.0,83066.6771702353
2017-08-08 20:00:00,2,42,False,38,1,2679.570231297913,56270.97485725617
2017-08-08 21:00:00,1,28,False,37,1,1339.7851156489564,37513.98323817078
2017-08-08 22:00:00,3,33,False,34,1,4019.3553469468693,44212.90881641556
2017-08-08 23:00:00,1,28,False,38,1,1339.7851156489564,37513.98323817078
2017-08-09 00:00:00,11,70,False,39,1,4581.6377081926075,29155.876324862045
2017-08-09 01:00:00,2,15,False,37,1,2679.570231297913,20096.776734734347
2017-08-09 02:00:00,4,12,False,35,1,5359.140462595826,16077.421387787477
2017-08-09 03:00:00,7,9,False,38,1,9378.495809542695,12058.066040840607
2017-08-09 04:00:00,2,10,False,35,1,2679.570231297913,13397.851156489563
2017-08-09 05:00:00,1,7,False,38,1,1339.7851156489564,9378.495809542695
2017-08-09 06:00:00,2,10,False,34,1,2679.570231297913,13397.851156489563
2017-08-09 07:00:00,0,9,False,37,1,0.0,12058.066040840607
2017-08-09 08:00:00,5,16,False,36,1,6698.925578244782,21436.561850383303
2017-08-09 09:00:00,6,15,False,37,1,8038.710693893739,20096.776734734347
2017-08-09 10:00:00,5,10,False,37,1,6698.925578244782,13397.851156489563
2017-08-09 11:00:00,4,14,False,34,1,5359.140462595826,18756.99161908539
2017-08-09 12:00:00,5,16,False,35,1,6698.925578244782,21436.561850383303
2017-08-09 13:00:00,1,9,False,35,1,1339.7851156489564,12058.066040840607
2017-08-09 14:00:00,9,13,False,37,1,12058.066040840607,17417.206503436435
2017-08-09 15:00:00,11,11,False,39,1,4581.6377081926075,4581.6377081926075
2017-08-09 16:00:00,0,21,False,38,1,0.0,28135.487428628086
2017-08-09 17:00:00,0,29,False,35,1,0.0,38853.76835381974
2017-08-09 18:00:00,0,15,False,35,1,0.0,20096.776734734347
2017-08-09 19:00:00,4,4,False,35,1,5359.140462595826,5359.140462595826
2017-08-09 20:00:00,2,8,False,37,1,2679.570231297913,10718.280925191651
2017-08-09 21:00:00,3,18,False,36,1,4019.3553469468693,24116.132081681215
2017-08-09 22:00:00,25,22,False,39,1,10412.812973165017,9163.275416385215
2017-08-09 23:00:00,4,8,False,35,1,5359.140462595826,10718.280925191651
2017-08-10 00:00:00,5,7,False,35,1,6698.925578244782,9378.495809542695
2017-08-10 01:00:00,3,6,False,36,1,4019.3553469468693,8038.710693893739
2017-08-10 02:00:00,3,6,False,35,1,4019.3553469468693,8038.710693893739
2017-08-10 03:00:00,5,10,False,37,1,6698.925578244782,13397.851156489563
2017-08-10 04:00:00,10,24,False,40,1,4165.125189266007,9996.300454238415
2017-08-10 05:00:00,6,4,False,38,1,8038.710693893739,5359.140462595826
2017-08-10 06:00:00,23,27,False,39,1,9579.787935311815,11245.838011018217
2017-08-10 07:00:00,10,15,False,37,1,13397.851156489563,20096.776734734347
2017-08-10 08:00:00,10,10,False,37,1,13397.851156489563,13397.851156489563
2017-08-10 09:00:00,9,12,False,38,1,12058.066040840607,16077.421387787477
2017-08-10 10:00:00,29,51,False,39,1,12078.863048871419,21242.138465256634
2017-08-10 11:00:00,10,15,False,38,1,13397.851156489563,20096.776734734347
2017-08-10 12:00:00,13,16,False,37,1,17417.206503436435,21436.561850383303
2017-08-10 13:00:00,43,46,False,39,1,17910.038313843826,19159.57587062363
2017-08-10 14:00:00,23,11,False,39,1,9579.787935311815,4581.6377081926075
2017-08-10 15:00:00,6,12,False,38,1,8038.710693893739,16077.421387787477
2017-08-10 16:00:00,32,48,False,40,1,13328.40060565122,19992.60090847683
2017-08-10 17:00:00,7,7,False,37,1,9378.495809542695,9378.495809542695
2017-08-10 18:00:00,7,7,False,38,1,9378.495809542695,9378.495809542695
2017-08-10 19:00:00,13,40,False,40,1,5414.6627460458085,16660.500757064026
2017-08-10 20:00:00,2,21,False,37,1,2679.570231297913,28135.487428628086
2017-08-10 21:00:00,47,61,False,40,1,19576.08838955023,25407.263654522638
2017-08-10 22:00:00,13,10,False,37,1,17417.206503436435,13397.851156489563
2017-08-10 23:00:00,11,16,False,39,1,4581.6377081926075,6664.20030282561
2017-08-11 00:00:00,21,31,False,40,1,8746.762897458613,12911.88808672462
2017-08-11 01:00:00,26,24,False,40,1,10829.325492091617,9996.300454238415
2017-08-11 02:00:00,10,13,False,36,1,13397.851156489563,17417.206503436435
2017-08-11 03:00:00,31,24,False,39,1,12911.88808672462,9996.300454238415
2017-08-11 04:00:00,34,34,False,41,1,14161.425643504423,14161.425643504423
2017-08-11 05:00:00,36,33,False,41,1,14994.450681357623,13744.91312457782
2017-08-11 06:00:00,7,11,False,36,1,9378.495809542695,14737.636272138521
2017-08-11 07:00:00,26,38,False,41,1,10829.325492091617,15827.475719210825
2017-08-11 08:00:00,10,15,False,38,1,13397.851156489563,20096.776734734347
2017-08-11 09:00:00,51,51,False,39,1,21242.138465256634,21242.138465256634
2017-08-11 10:00:00,36,36,False,41,1,14994.450681357623,14994.450681357623
2017-08-11 11:00:00,14,14,False,37,1,18756.99161908539,18756.99161908539
2017-08-11 12:00:00,31,46,False,41,1,12911.88808672462,19159.57587062363
2017-08-11 13:00:00,31,34,False,39,1,12911.88808672462,14161.425643504423
2017-08-11 14:00:00,50,35,False,40,1,20825.625946330034,14577.938162431023
2017-08-11 15:00:00,8,0,False,40,1,3332.100151412805,0.0
2017-08-11 16:00:00,27,27,False,41,1,11245.838011018217,11245.838011018217
2017-08-11 17:00:00,19,0,False,40,1,7913.737859605412,0.0
2017-08-11 18:00:00,0,21,False,40,1,0.0,8746.762897458613
2017-08-11 19:00:00,5,5,False,37,1,6698.925578244782,6698.925578244782
2017-08-11 20:00:00,16,25,False,39,1,6664.20030282561,10412.812973165017
2017-08-11 21:00:00,41,29,False,39,1,17077.013275990626,12078.863048871419
2017-08-11 22:00:00,19,19,False,37,1,25455.91719733017,25455.91719733017
2017-08-11 23:00:00,18,36,False,40,1,7497.225340678811,14994.450681357623
2017-08-12 00:00:00,13,6,False,37,1,17417.206503436435,8038.710693893739
2017-08-12 01:00:00,21,29,False,40,1,8746.762897458613,12078.863048871419
2017-08-12 02:00:00,8,8,False,37,1,10718.280925191651,10718.280925191651
2017-08-12 03:00:00,35,28,False,40,1,14577.938162431023,11662.350529944819
2017-08-12 04:00:00,33,24,False,42,1,13744.91312457782,9996.300454238415
2017-08-12 05:00:00,24,16,False,41,1,9996.300454238415,6664.20030282561
2017-08-12 06:00:00,4,7,False,38,1,5359.140462595826,9378.495809542695
2017-08-12 07:00:00,7,9,False,37,1,9378.495809542695,12058.066040840607
2017-08-12 08:00:00,32,40,False,41,1,13328.40060565122,16660.500757064026
2017-08-12 09:00:00,7,11,False,37,1,9378.495809542695,14737.636272138521
2017-08-12 10:00:00,34,32,False,42,1,14161.425643504423,13328.40060565122
2017-08-12 11:00:00,8,9,False,38,1,10718.280925191651,12058.066040840607
2017-08-12 12:00:00,18,38,False,40,1,7497.225340678811,15827.475719210825
2017-08-12 13:00:00,31,21,False,40,1,12911.88808672462,8746.762897458613
2017-08-12 14:00:00,28,14,False,39,1,11662.350529944819,5831.175264972409
2017-08-12 15:00:00,23,46,False,42,1,9579.787935311815,19159.57587062363
2017-08-12 16:00:00,12,49,False,40,1,4998.150227119208,20409.11342740343
2017-08-12 17:00:00,18,37,False,41,1,7497.225340678811,15410.963200284225
2017-08-12 18:00:00,23,70,False,39,1,9579.787935311815,29155.876324862045
2017-08-12 19:00:00,20,40,False,41,1,8330.250378532013,16660.500757064026
2017-08-12 20:00:00,50,40,False,40,1,20825.625946330034,16660.500757064026
2017-08-12 21:00:00,23,14,False,41,1,9579.787935311815,5831.175264972409
2017-08-12 22:00:00,18,12,False,41,1,7497.225340678811,4998.150227119208
2017-08-12 23:00:00,36,24,False,41,1,14994.450681357623,9996.300454238415
2017-08-13 00:00:00,40,23,False,40,1,16660.500757064026,9579.787935311815
2017-08-13 01:00:00,32,32,False,40,1,13328.40060565122,13328.40060565122
2017-08-13 02:00:00,25,14,False,41,1,10412.812973165017,5831.175264972409
2017-08-13 03:00:00,25,19,False,43,1,10412.812973165017,7913.737859605412
2017-08-13 04:00:00,35,43,False,42,1,14577.938162431023,17910.038313843826
2017-08-13 05:00:00,20,22,False,39,1,8330.250378532013,9163.275416385215
2017-08-13 06:00:00,14,28,False,42,1,5831.175264972409,11662.350529944819
2017-08-13 07:00:00,27,30,False,42,1,11245.838011018217,12495.375567798019
2017-08-13 08:00:00,31,21,False,38,1,41533.33858511765,28135.487428628086
2017-08-13 09:00:00,32,51,False,42,1,13328.40060565122,21242.138465256634
2017-08-13 10:00:00,11,17,False,38,1,14737.636272138521,22776.34696603226
2017-08-13 11:00:00,9,12,False,38,1,12058.066040840607,16077.421387787477
2017-08-13 12:00:00,22,40,False,42,1,9163.275416385215,16660.500757064026
2017-08-13 13:00:00,37,10,False,43,1,15410.963200284225,4165.125189266007
2017-08-13 14:00:00,17,58,False,41,1,7080.712821752211,24157.726097742838
2017-08-13 15:00:00,20,20,False,41,1,8330.250378532013,8330.250378532013
2017-08-13 16:00:00,16,49,False,39,1,6664.20030282561,20409.11342740343
2017-08-13 17:00:00,24,0,False,41,1,9996.300454238415,0.0
2017-08-13 18:00:00,49,49,False,42,1,20409.11342740343,20409.11342740343
2017-08-13 19:00:00,0,15,False,39,1,0.0,6247.687783899009
2017-08-13 20:00:00,54,27,False,42,1,22491.676022036434,11245.838011018217
2017-08-13 21:00:00,38,45,False,42,1,15827.475719210825,18743.06335169703
2017-08-13 22:00:00,22,47,False,39,1,9163.275416385215,19576.08838955023
2017-08-13 23:00:00,25,32,False,43,1,10412.812973165017,13328.40060565122
2017-08-14 00:00:00,20,28,False,40,1,8330.250378532013,11662.350529944819
2017-08-14 01:00:00,20,22,False,41,1,8330.250378532013,9163.275416385215
2017-08-14 02:00:00,15,32,False,39,1,6247.687783899009,13328.40060565122
2017-08-14 03:00:00,18,31,False,42,1,7497.225340678811,12911.88808672462
2017-08-14 04:00:00,6,32,False,41,1,2499.075113559604,13328.40060565122
2017-08-14 05:00:00,23,18,False,40,1,9579.787935311815,7497.225340678811
2017-08-14 06:00:00,16,18,False,39,1,6664.20030282561,7497.225340678811
2017-08-14 07:00:00,23,24,False,43,1,9579.787935311815,9996.300454238415
2017-08-14 08:00:00,16,25,False,43,1,6664.20030282561,10412.812973165017
2017-08-14 09:00:00,33,29,False,40,1,13744.91312457782,12078.863048871419
2017-08-14 10:00:00,38,33,False,44,1,14293.767185172968,12413.00834501863
2017-08-14 11:00:00,34,32,False,43,1,14161.425643504423,13328.40060565122
2017-08-14 12:00:00,25,46,False,39,1,10412.812973165017,19159.57587062363
2017-08-14 13:00:00,34,44,False,42,1,14161.425643504423,18326.55083277043
2017-08-14 14:00:00,36,60,False,42,1,14994.450681357623,24990.751135596038
2017-08-14 15:00:00,32,43,False,43,1,13328.40060565122,17910.038313843826
2017-08-14 16:00:00,0,36,False,41,1,0.0,14994.450681357623
2017-08-14 17:00:00,0,25,False,41,1,0.0,10412.812973165017
2017-08-14 18:00:00,0,49,False,41,1,0.0,20409.11342740343
2017-08-14 19:00:00,0,71,False,41,1,0.0,29572.388843788645
2017-08-14 20:00:00,19,56,False,42,1,7913.737859605412,23324.701059889638
2017-08-14 21:00:00,7,50,False,40,1,2915.5876324862047,20825.625946330034
2017-08-14 22:00:00,37,46,False,40,1,15410.963200284225,19159.57587062363
2017-08-14 23:00:00,11,25,False,41,1,4581.6377081926075,10412.812973165017
2017-08-15 00:00:00,14,21,False,40,1,5831.175264972409,8746.762897458613
2017-08-15 01:00:00,14,23,False,40,1,5831.175264972409,9579.787935311815
2017-08-15 02:00:00,7,34,False,44,1,2633.062376216073,12789.160113049498
2017-08-15 03:00:00,18,18,False,40,1,7497.225340678811,7497.225340678811
2017-08-15 04:00:00,11,36,False,44,1,4137.669448339543,13541.463649111232
2017-08-15 05:00:00,8,18,False,40,1,3332.100151412805,7497.225340678811
2017-08-15 06:00:00,14,12,False,41,1,5831.175264972409,4998.150227119208
2017-08-15 07:00:00,16,16,False,40,1,6664.20030282561,6664.20030282561
2017-08-15 08:00:00,11,19,False,43,1,4581.6377081926075,7913.737859605412
2017-08-15 09:00:00,11,23,False,43,1,4581.6377081926075,9579.787935311815
2017-08-15 10:00:00,18,34,False,40,1,7497.225340678811,14161.425643504423
2017-08-15 11:00:00,23,30,False,45,1,8651.490664709954,11284.553040926026
2017-08-15 12:00:00,27,21,False,41,1,11245.838011018217,8746.762897458613
2017-08-15 13:00:00,15,33,False,44,1,5642.276520463013,12413.00834501863
2017-08-15 14:00:00,40,23,False,41,1,16660.500757064026,9579.787935311815
2017-08-15 15:00:00,10,10,False,42,1,4165.125189266007,4165.125189266007
2017-08-15 16:00:00,0,0,False,42,1,0.0,0.0
2017-08-15 17:00:00,69,0,False,41,1,28739.363805935445,0.0
2017-08-15 18:00:00,26,0,False,44,1,9779.945968802556,0.0
2017-08-15 19:00:00,31,31,False,45,1,11660.704808956894,11660.704808956894
2017-08-15 20:00:00,25,12,False,41,1,10412.812973165017,4998.150227119208
2017-08-15 21:00:00,41,19,False,44,1,15422.22248926557,7146.883592586484
2017-08-15 22:00:00,20,24,False,42,1,8330.250378532013,9996.300454238415
2017-08-15 23:00:00,24,16,False,42,1,9996.300454238415,6664.20030282561
2017-08-16 00:00:00,17,19,False,43,1,7080.712821752211,7913.737859605412
2017-08-16 01:00:00,14,15,False,43,1,5831.175264972409,6247.687783899009
2017-08-16 02:00:00,21,11,False,42,1,8746.762897458613,4581.6377081926075
2017-08-16 03:00:00,22,16,False,44,1,8275.338896679086,6018.428288493881
2017-08-16 04:00:00,15,13,False,45,1,5642.276520463013,4889.972984401278
2017-08-16 05:00:00,8,11,False,43,1,3332.100151412805,4581.6377081926075
2017-08-16 06:00:00,24,14,False,41,1,9996.300454238415,5831.175264972409
2017-08-16 07:00:00,17,20,False,41,1,7080.712821752211,8330.250378532013
2017-08-16 08:00:00,10,22,False,41,1,4165.125189266007,9163.275416385215
2017-08-16 09:00:00,14,23,False,43,1,5831.175264972409,9579.787935311815
2017-08-16 10:00:00,17,18,False,43,1,7080.712821752211,7497.225340678811
2017-08-16 11:00:00,27,47,False,45,1,10156.097736833424,17679.133097450776
2017-08-16 12:00:00,23,19,False,43,1,9579.787935311815,7913.737859605412
2017-08-16 13:00:00,29,37,False,46,1,10908.40127289516,13917.6154171421
2017-08-16 14:00:00,6,25,False,45,1,2256.9106081852055,9403.79420077169
2017-08-16 15:00:00,0,10,False,42,1,0.0,4165.125189266007
2017-08-16 16:00:00,17,17,False,43,1,7080.712821752211,7080.712821752211
2017-08-16 17:00:00,23,68,False,43,1,9579.787935311815,28322.851287008845
2017-08-16 18:00:00,0,67,False,43,1,0.0,27906.338768082245
2017-08-16 19:00:00,0,15,False,46,1,0.0,5642.276520463013
2017-08-16 20:00:00,6,0,False,42,1,2499.075113559604,0.0
2017-08-16 21:00:00,19,19,False,45,1,7146.883592586484,7146.883592586484
2017-08-16 22:00:00,17,17,False,45,1,6394.580056524749,6394.580056524749
2017-08-16 23:00:00,14,12,False,45,1,5266.124752432146,4513.821216370411
2017-08-17 00:00:00,17,14,False,43,1,7080.712821752211,5831.175264972409
2017-08-17 01:00:00,20,11,False,46,1,7523.035360617351,4137.669448339543
2017-08-17 02:00:00,12,15,False,45,1,4513.821216370411,5642.276520463013
2017-08-17 03:00:00,14,22,False,46,1,5266.124752432146,8275.338896679086
2017-08-17 04:00:00,9,11,False,43,1,3748.6126703394057,4581.6377081926075
2017-08-17 05:00:00,17,20,False,46,1,6394.580056524749,7523.035360617351
2017-08-17 06:00:00,14,17,False,45,1,5266.124752432146,6394.580056524749
2017-08-17 07:00:00,14,22,False,45,1,5266.124752432146,8275.338896679086
2017-08-17 08:00:00,23,11,False,46,1,8651.490664709954,4137.669448339543
2017-08-17 09:00:00,29,27,False,47,1,12817.411291301418,11933.45189190132
2017-08-17 10:00:00,26,34,False,43,1,10829.325492091617,14161.425643504423
2017-08-17 11:00:00,15,18,False,44,1,5642.276520463013,6770.731824555616
2017-08-17 12:00:00,8,21,False,43,1,3332.100151412805,8746.762897458613
2017-08-17 13:00:00,18,22,False,45,1,6770.731824555616,8275.338896679086
2017-08-17 14:00:00,27,21,False,47,1,11933.45189190132,9281.573693701028
2017-08-17 15:00:00,0,19,False,47,1,0.0,8397.614294300929
2017-08-17 16:00:00,18,18,False,44,1,6770.731824555616,6770.731824555616
2017-08-17 17:00:00,22,0,False,43,1,9163.275416385215,0.0
2017-08-17 18:00:00,24,48,False,45,1,9027.642432740822,18055.284865481644
2017-08-17 19:00:00,72,14,False,45,1,27082.927298222465,5266.124752432146
2017-08-17 20:00:00,33,17,False,47,1,14585.330090101614,7513.654894900831
2017-08-17 21:00:00,69,29,False,46,1,25954.47199412986,10908.40127289516
2017-08-17 22:00:00,31,19,False,47,1,13701.370690701517,8397.614294300929
2017-08-17 23:00:00,27,17,False,47,1,11933.45189190132,7513.654894900831
2017-08-18 00:00:00,21,19,False,48,1,10749.405296896142,9725.652411477462
2017-08-18 01:00:00,27,6,False,46,1,10156.097736833424,2256.9106081852055
2017-08-18 02:00:00,30,14,False,46,1,11284.553040926026,5266.124752432146
2017-08-18 03:00:00,21,29,False,44,1,7899.187128648219,10908.40127289516
2017-08-18 04:00:00,22,26,False,47,1,9723.553393401076,11491.472192201272
2017-08-18 05:00:00,23,18,False,46,1,8651.490664709954,6770.731824555616
2017-08-18 06:00:00,28,13,False,47,1,12375.43159160137,5745.736096100636
2017-08-18 07:00:00,34,18,False,45,1,12789.160113049498,6770.731824555616
2017-08-18 08:00:00,20,24,False,43,1,8330.250378532013,9996.300454238415
2017-08-18 09:00:00,30,34,False,46,1,11284.553040926026,12789.160113049498
2017-08-18 10:00:00,38,25,False,46,1,14293.767185172968,9403.79420077169
2017-08-18 11:00:00,35,30,False,44,1,13165.311881080364,11284.553040926026
2017-08-18 12:00:00,42,38,False,43,1,17493.525794917226,15827.475719210825
2017-08-18 13:00:00,56,38,False,46,1,21064.499009728584,14293.767185172968
2017-08-18 14:00:00,24,19,False,47,1,10607.512792801173,8397.614294300929
2017-08-18 15:00:00,28,14,False,48,1,14332.540395861522,7166.270197930761
2017-08-18 16:00:00,0,0,False,44,1,0.0,0.0
2017-08-18 17:00:00,49,33,False,48,1,25081.945692757665,16891.922609408222
2017-08-18 18:00:00,43,85,False,47,1,19005.127087102104,37568.27447450416
2017-08-18 19:00:00,57,19,False,44,1,21440.650777759452,7146.883592586484
2017-08-18 20:00:00,18,45,False,44,1,6770.731824555616,16926.82956138904
2017-08-18 21:00:00,64,23,False,45,1,24073.713153975525,8651.490664709954
2017-08-18 22:00:00,25,31,False,46,1,9403.79420077169,11660.704808956894
2017-08-18 23:00:00,50,35,False,46,1,18807.58840154338,13165.311881080364
2017-08-19 00:00:00,17,20,False,49,1,9111.036437961518,10718.866397601787
2017-08-19 01:00:00,27,27,False,47,1,11933.45189190132,11933.45189190132
2017-08-19 02:00:00,24,9,False,49,1,12862.639677122144,4823.489878920804
2017-08-19 03:00:00,29,12,False,44,1,10908.40127289516,4513.821216370411
2017-08-19 04:00:00,35,16,False,46,1,13165.311881080364,6018.428288493881
2017-08-19 05:00:00,36,18,False,46,1,13541.463649111232,6770.731824555616
2017-08-19 06:00:00,29,25,False,46,1,10908.40127289516,9403.79420077169
2017-08-19 07:00:00,20,11,False,49,1,10718.866397601787,5895.376518680983
2017-08-19 08:00:00,30,16,False,45,1,11284.553040926026,6018.428288493881
2017-08-19 09:00:00,20,19,False,47,1,8839.593994000978,8397.614294300929
2017-08-19 10:00:00,28,19,False,48,1,14332.540395861522,9725.652411477462
2017-08-19 11:00:00,23,20,False,48,1,11773.158182314823,10237.528854186801
2017-08-19 12:00:00,27,37,False,46,1,10156.097736833424,13917.6154171421
2017-08-19 13:00:00,26,23,False,47,1,11491.472192201272,10165.533093101125
2017-08-19 14:00:00,4,4,False,47,1,1767.9187988001956,1767.9187988001956
2017-08-19 15:00:00,9,17,False,46,1,3385.365912277808,6394.580056524749
2017-08-19 16:00:00,0,0,False,49,1,0.0,0.0
2017-08-19 17:00:00,0,31,False,48,1,0.0,15868.169723989544
2017-08-19 18:00:00,23,23,False,47,1,10165.533093101125,10165.533093101125
2017-08-19 19:00:00,23,0,False,46,1,8651.490664709954,0.0
2017-08-19 20:00:00,23,23,False,45,1,8651.490664709954,8651.490664709954
2017-08-19 21:00:00,21,31,False,46,1,7899.187128648219,11660.704808956894
2017-08-19 22:00:00,15,27,False,48,1,7678.146640640101,13820.663953152183
2017-08-19 23:00:00,21,14,False,48,1,10749.405296896142,7166.270197930761
2017-08-20 00:00:00,5,16,False,48,1,2559.3822135467003,8190.023083349442
2017-08-20 01:00:00,11,11,False,49,1,5895.376518680983,5895.376518680983
2017-08-20 02:00:00,16,14,False,48,1,8190.023083349442,7166.270197930761
2017-08-20 03:00:00,7,18,False,49,1,3751.6032391606254,9646.979757841607
2017-08-20 04:00:00,16,13,False,49,1,8575.09311808143,6967.263158441161
2017-08-20 05:00:00,32,16,False,45,1,12036.856576987762,6018.428288493881
2017-08-20 06:00:00,24,14,False,48,1,12285.034625024162,7166.270197930761
2017-08-20 07:00:00,19,16,False,48,1,9725.652411477462,8190.023083349442
2017-08-20 08:00:00,19,15,False,49,1,10182.923077721698,8039.149798201341
2017-08-20 09:00:00,11,13,False,49,1,5895.376518680983,6967.263158441161
2017-08-20 10:00:00,14,17,False,48,1,7166.270197930761,8701.899526058782
2017-08-20 11:00:00,25,39,False,46,1,9403.79420077169,14669.918953203834
2017-08-20 12:00:00,19,34,False,47,1,8397.614294300929,15027.309789801662
2017-08-20 13:00:00,20,34,False,48,1,10237.528854186801,17403.799052117563
2017-08-20 14:00:00,17,34,False,47,1,7513.654894900831,15027.309789801662
2017-08-20 15:00:00,0,8,False,49,1,0.0,4287.546559040715
2017-08-20 16:00:00,19,39,False,46,1,7146.883592586484,14669.918953203834
2017-08-20 17:00:00,0,40,False,48,1,0.0,20475.057708373603
2017-08-20 18:00:00,21,21,False,48,1,10749.405296896142,10749.405296896142
2017-08-20 19:00:00,34,0,False,46,1,12789.160113049498,0.0
2017-08-20 20:00:00,13,6,False,47,1,5745.736096100636,2651.8781982002934
2017-08-20 21:00:00,8,3,False,49,1,4287.546559040715,1607.829959640268
2017-08-20 22:00:00,26,28,False,46,1,9779.945968802556,10532.249504864292
2017-08-20 23:00:00,12,18,False,46,1,4513.821216370411,6770.731824555616
2017-08-21 00:00:00,15,16,False,47,1,6629.695495500734,7071.675195200783
2017-08-21 01:00:00,13,17,False,49,1,6967.263158441161,9111.036437961518
2017-08-21 02:00:00,20,19,False,47,1,8839.593994000978,8397.614294300929
2017-08-21 03:00:00,29,28,False,46,1,10908.40127289516,10532.249504864292
2017-08-21 04:00:00,21,31,False,46,1,7899.187128648219,11660.704808956894
2017-08-21 05:00:00,28,22,False,49,1,15006.412956642502,11790.753037361967
2017-08-21 06:00:00,33,22,False,46,1,12413.00834501863,8275.338896679086
2017-08-21 07:00:00,17,30,False,48,1,8701.899526058782,15356.293281280203
2017-08-21 08:00:00,19,46,False,48,1,9725.652411477462,23546.316364629645
2017-08-21 09:00:00,68,66,False,46,1,25578.320226098996,24826.01669003726
2017-08-21 10:00:00,27,41,False,47,1,11933.45189190132,18121.167687702004
2017-08-21 11:00:00,37,61,False,49,1,19829.902835563305,32692.54251268545
2017-08-21 12:00:00,50,52,False,47,1,22098.984985002444,22982.944384402545
2017-08-21 13:00:00,51,55,False,47,1,22540.964684702496,24308.88348350269
2017-08-21 14:00:00,45,45,False,47,1,19889.0864865022,19889.0864865022
2017-08-21 15:00:00,27,71,False,48,1,13820.663953152183,36343.22743236315
2017-08-21 16:00:00,0,82,False,49,1,0.0,43947.35223016733
2017-08-21 17:00:00,81,41,False,48,1,41461.991859456546,20986.934151082944
2017-08-21 18:00:00,0,20,False,48,1,0.0,10237.528854186801
2017-08-21 19:00:00,33,33,False,49,1,17686.12955604295,17686.12955604295
2017-08-21 20:00:00,24,42,False,47,1,10607.512792801173,18563.147387402056
2017-08-21 21:00:00,52,42,False,47,1,22982.944384402545,18563.147387402056
2017-08-21 22:00:00,49,32,False,48,1,25081.945692757665,16380.046166698883
2017-08-21 23:00:00,38,40,False,49,1,20365.846155443396,21437.732795203574
2017-08-22 00:00:00,22,32,False,48,1,11261.281739605482,16380.046166698883
2017-08-22 01:00:00,34,31,False,47,1,15027.309789801662,13701.370690701517
2017-08-22 02:00:00,34,35,False,47,1,15027.309789801662,15469.289489501713
2017-08-22 03:00:00,32,37,False,47,1,14143.350390401565,16353.24888890181
2017-08-22 04:00:00,30,24,False,49,1,16078.299596402681,12862.639677122144
2017-08-22 05:00:00,19,27,False,47,1,8397.614294300929,11933.45189190132
2017-08-22 06:00:00,33,28,False,47,1,14585.330090101614,12375.43159160137
2017-08-22 07:00:00,34,46,False,47,1,15027.309789801662,20331.06618620225
2017-08-22 08:00:00,51,50,False,48,1,26105.698578176343,25593.822135467006
2017-08-22 09:00:00,55,46,False,48,1,28153.204349013704,23546.316364629645
2017-08-22 10:00:00,36,34,False,49,1,19293.959515683215,18222.072875923037
2017-08-22 11:00:00,83,56,False,47,1,36684.31507510406,24750.86318320274
2017-08-22 12:00:00,59,63,False,49,1,31620.655872925272,33764.42915244563
2017-08-22 13:00:00,50,79,False,49,1,26797.165994004466,42339.52227052706
2017-08-22 14:00:00,19,39,False,48,1,9725.652411477462,19963.181265664265
2017-08-22 15:00:00,25,50,False,49,1,13398.582997002233,26797.165994004466
2017-08-22 16:00:00,60,48,False,0,1,35606.14901084594,28484.91920867675
2017-08-22 17:00:00,0,19,False,49,1,0.0,10182.923077721698
2017-08-22 18:00:00,0,19,False,48,1,0.0,9725.652411477462
2017-08-22 19:00:00,20,20,False,0,1,11868.716336948646,11868.716336948646
2017-08-22 20:00:00,53,38,False,49,1,28404.995953644735,20365.846155443396
2017-08-22 21:00:00,29,21,False,49,1,15542.35627652259,11254.809717481876
2017-08-22 22:00:00,27,25,False,0,1,16022.767054880673,14835.895421185807
2017-08-22 23:00:00,35,23,False,0,1,20770.25358966013,13649.023787490944
2017-08-23 00:00:00,33,29,False,49,1,17686.12955604295,15542.35627652259
2017-08-23 01:00:00,24,30,False,48,1,12285.034625024162,15356.293281280203
2017-08-23 02:00:00,38,33,False,48,1,19451.304822954924,16891.922609408222
2017-08-23 03:00:00,36,30,False,48,1,18427.551937536242,15356.293281280203
2017-08-23 04:00:00,31,23,False,0,1,18396.510322270402,13649.023787490944
2017-08-23 05:00:00,55,31,False,48,1,28153.204349013704,15868.169723989544
2017-08-23 06:00:00,38,24,False,0,1,22550.56104020243,14242.459604338375
2017-08-23 07:00:00,34,41,False,49,1,18222.072875923037,21973.676115083665
2017-08-23 08:00:00,56,42,False,49,1,30012.825913285003,22509.61943496375
2017-08-23 09:00:00,83,73,False,49,1,44483.29555004741,39123.86235124652
2017-08-23 10:00:00,83,48,False,0,1,49255.172798336884,28484.91920867675
2017-08-23 11:00:00,82,61,False,0,1,48661.73698148945,36199.58482769337
2017-08-23 12:00:00,77,40,False,1,1,45694.557897252285,23737.432673897292
2017-08-23 13:00:00,66,63,False,0,1,39166.76391193053,37386.45646138823
2017-08-23 14:00:00,41,64,False,49,1,21973.676115083665,34300.37247232572
2017-08-23 15:00:00,35,50,False,0,1,20770.25358966013,29671.790842371614
2017-08-23 16:00:00,58,46,False,0,1,34419.27737715108,27298.047574981887
2017-08-23 17:00:00,16,16,False,1,1,9494.973069558917,9494.973069558917
2017-08-23 18:00:00,63,48,False,0,1,37386.45646138823,28484.91920867675
2017-08-23 19:00:00,47,47,False,1,1,27891.48339182932,27891.48339182932
2017-08-23 20:00:00,41,69,False,49,1,21973.676115083665,36980.089071726165
2017-08-23 21:00:00,66,38,False,49,1,35372.2591120859,20365.846155443396
2017-08-23 22:00:00,76,47,False,1,1,45101.12208040486,27891.48339182932
2017-08-23 23:00:00,79,38,False,49,1,42339.52227052706,20365.846155443396
2017-08-24 00:00:00,55,26,False,0,1,32638.969926608777,15429.331238033239
2017-08-24 01:00:00,54,41,False,49,1,28940.939273524826,21973.676115083665
2017-08-24 02:00:00,52,32,False,0,1,30858.662476066478,18989.946139117834
2017-08-24 03:00:00,81,54,False,49,1,43411.40891028724,28940.939273524826
2017-08-24 04:00:00,63,43,False,49,1,33764.42915244563,23045.562754843842
2017-08-24 05:00:00,57,48,False,49,1,30548.769233165094,25725.27935424429
2017-08-24 06:00:00,48,53,False,0,1,28484.91920867675,31452.09829291391
2017-08-24 07:00:00,82,46,False,49,1,43947.35223016733,24653.39271448411
2017-08-24 08:00:00,87,81,False,49,1,46627.068829567776,43411.40891028724
2017-08-24 09:00:00,100,81,False,49,1,53594.33198800893,43411.40891028724
2017-08-24 10:00:00,85,97,False,49,1,45555.182189807594,51986.50202836867
2017-08-24 11:00:00,76,88,False,0,1,45101.12208040486,52222.35188257404
2017-08-24 12:00:00,81,99,False,49,1,43411.40891028724,53058.38866812884
2017-08-24 13:00:00,84,82,False,2,1,49848.60861518431,48661.73698148945
2017-08-24 14:00:00,70,97,False,1,1,41540.50717932026,57563.27423420093
2017-08-24 15:00:00,34,28,False,1,1,20176.817772812698,16616.202871728103
2017-08-24 16:00:00,100,56,False,0,1,59343.58168474323,33232.405743456206
2017-08-24 17:00:00,46,46,False,1,1,27298.047574981887,27298.047574981887
2017-08-24 18:00:00,0,92,False,2,1,0.0,54596.095149963774
2017-08-24 19:00:00,19,38,False,0,1,11275.280520101214,22550.56104020243
2017-08-24 20:00:00,51,93,False,0,1,30265.226659219046,55189.5309668112
2017-08-24 21:00:00,16,49,False,0,1,9494.973069558917,29078.355025524183
2017-08-24 22:00:00,39,53,False,2,1,23143.99685704986,31452.09829291391
2017-08-24 23:00:00,19,42,False,1,1,11275.280520101214,24924.304307592156
2017-08-25 00:00:00,34,43,False,0,1,20176.817772812698,25517.740124439588
2017-08-25 01:00:00,24,26,False,1,1,14242.459604338375,15429.331238033239
2017-08-25 02:00:00,28,30,False,1,1,16616.202871728103,17803.07450542297
2017-08-25 03:00:00,36,28,False,0,1,21363.68940650756,16616.202871728103
2017-08-25 04:00:00,17,37,False,1,1,10088.408886406349,21957.125223354997
2017-08-25 05:00:00,24,23,False,1,1,14242.459604338375,13649.023787490944
2017-08-25 06:00:00,33,32,False,1,1,19583.381955965266,18989.946139117834
2017-08-25 07:00:00,41,46,False,1,1,24330.868490744724,27298.047574981887
2017-08-25 08:00:00,41,63,False,1,1,24330.868490744724,37386.45646138823
2017-08-25 09:00:00,26,49,False,2,1,15429.331238033239,29078.355025524183
2017-08-25 10:00:00,39,56,False,1,1,23143.99685704986,33232.405743456206
2017-08-25 11:00:00,33,45,False,1,1,19583.381955965266,26704.61175813445
2017-08-25 12:00:00,39,53,False,0,1,23143.99685704986,31452.09829291391
2017-08-25 13:00:00,28,12,False,3,1,36106.774520257815,15474.33193725335
2017-08-25 14:00:00,15,14,False,3,1,19342.914921566688,18053.387260128908
2017-08-25 15:00:00,23,58,False,0,1,13649.023787490944,34419.27737715108
2017-08-25 16:00:00,9,19,False,2,1,5340.92235162689,11275.280520101214
2017-08-25 17:00:00,0,96,False,2,1,0.0,56969.8384173535
2017-08-25 18:00:00,16,16,False,0,1,9494.973069558917,9494.973069558917
2017-08-25 19:00:00,6,23,False,3,1,7737.165968626675,29659.136213068923
2017-08-25 20:00:00,46,57,False,1,1,27298.047574981887,33825.84156030364
2017-08-25 21:00:00,26,46,False,1,1,15429.331238033239,27298.047574981887
2017-08-25 22:00:00,31,27,False,2,1,18396.510322270402,16022.767054880673
2017-08-25 23:00:00,25,33,False,0,1,14835.895421185807,19583.381955965266
2017-08-26 00:00:00,10,16,False,3,1,12895.27661437779,20632.442583004467
2017-08-26 01:00:00,20,17,False,1,1,11868.716336948646,10088.408886406349
2017-08-26 02:00:00,19,31,False,2,1,11275.280520101214,18396.510322270402
2017-08-26 03:00:00,23,33,False,1,1,13649.023787490944,19583.381955965266
2017-08-26 04:00:00,30,29,False,1,1,17803.07450542297,17209.63868857554
2017-08-26 05:00:00,25,19,False,0,1,14835.895421185807,11275.280520101214
2017-08-26 06:00:00,22,31,False,0,1,13055.58797064351,18396.510322270402
2017-08-26 07:00:00,15,34,False,1,1,8901.537252711485,20176.817772812698
2017-08-26 08:00:00,46,30,False,0,1,27298.047574981887,17803.07450542297
2017-08-26 09:00:00,26,28,False,1,1,15429.331238033239,16616.202871728103
2017-08-26 10:00:00,7,16,False,3,1,9026.693630064454,20632.442583004467
2017-08-26 11:00:00,18,33,False,0,1,10681.84470325378,19583.381955965266
2017-08-26 12:00:00,23,29,False,2,1,13649.023787490944,17209.63868857554
2017-08-26 13:00:00,23,48,False,2,1,13649.023787490944,28484.91920867675
2017-08-26 14:00:00,19,38,False,0,1,11275.280520101214,22550.56104020243
2017-08-26 15:00:00,10,36,False,1,1,5934.358168474323,21363.68940650756
2017-08-26 16:00:00,25,57,False,0,1,14835.895421185807,33825.84156030364
2017-08-26 17:00:00,49,25,False,0,1,29078.355025524183,14835.895421185807
2017-08-26 18:00:00,0,0,False,3,1,0.0,0.0
2017-08-26 19:00:00,13,27,False,0,1,7714.6656190166195,16022.767054880673
2017-08-26 20:00:00,6,12,False,3,1,7737.165968626675,15474.33193725335
2017-08-26 21:00:00,16,14,False,4,1,20632.442583004467,18053.387260128908
2017-08-26 22:00:00,18,35,False,0,1,10681.84470325378,20770.25358966013
2017-08-26 23:00:00,29,24,False,2,1,17209.63868857554,14242.459604338375
2017-08-27 00:00:00,13,27,False,1,1,7714.6656190166195,16022.767054880673
2017-08-27 01:00:00,20,23,False,1,1,11868.716336948646,13649.023787490944
2017-08-27 02:00:00,15,18,False,2,1,8901.537252711485,10681.84470325378
2017-08-27 03:00:00,15,24,False,0,1,8901.537252711485,14242.459604338375
2017-08-27 04:00:00,6,3,False,3,1,7737.165968626675,3868.5829843133374
2017-08-27 05:00:00,4,8,False,4,1,5158.110645751117,10316.221291502234
2017-08-27 06:00:00,19,19,False,1,1,11275.280520101214,11275.280520101214
2017-08-27 07:00:00,9,11,False,4,1,11605.748952940012,14184.804275815572
2017-08-27 08:00:00,15,17,False,0,1,8901.537252711485,10088.408886406349
2017-08-27 09:00:00,19,18,False,1,1,11275.280520101214,10681.84470325378
2017-08-27 10:00:00,8,22,False,1,1,4747.486534779458,13055.58797064351
2017-08-27 11:00:00,9,11,False,4,1,11605.748952940012,14184.804275815572
2017-08-27 12:00:00,9,13,False,3,1,11605.748952940012,16763.859598691128
2017-08-27 13:00:00,10,12,False,4,1,12895.27661437779,15474.33193725335
2017-08-27 14:00:00,37,17,False,2,1,21957.125223354997,10088.408886406349
2017-08-27 15:00:00,10,17,False,4,1,12895.27661437779,21921.970244442244
2017-08-27 16:00:00,5,0,False,4,1,6447.638307188895,0.0
2017-08-27 17:00:00,0,8,False,3,1,0.0,10316.221291502234
2017-08-27 18:00:00,0,8,False,3,1,0.0,10316.221291502234
2017-08-27 19:00:00,0,22,False,2,1,0.0,13055.58797064351
2017-08-27 20:00:00,19,29,False,1,1,11275.280520101214,17209.63868857554
2017-08-27 21:00:00,7,6,False,3,1,9026.693630064454,7737.165968626675
2017-08-27 22:00:00,7,6,False,3,1,9026.693630064454,7737.165968626675
2017-08-27 23:00:00,4,7,False,4,1,5158.110645751117,9026.693630064454
2017-08-28 00:00:00,6,7,False,5,1,7737.165968626675,9026.693630064454
2017-08-28 01:00:00,10,7,False,5,1,12895.27661437779,9026.693630064454
2017-08-28 02:00:00,6,6,False,5,1,7737.165968626675,7737.165968626675
2017-08-28 03:00:00,15,15,False,1,1,8901.537252711485,8901.537252711485
2017-08-28 04:00:00,13,11,False,1,1,7714.6656190166195,6527.793985321755
2017-08-28 05:00:00,7,9,False,4,1,9026.693630064454,11605.748952940012
2017-08-28 06:00:00,5,6,False,3,1,6447.638307188895,7737.165968626675
2017-08-28 07:00:00,20,19,False,2,1,11868.716336948646,11275.280520101214
2017-08-28 08:00:00,11,4,False,4,1,14184.804275815572,5158.110645751117
2017-08-28 09:00:00,28,34,False,1,1,16616.202871728103,20176.817772812698
2017-08-28 10:00:00,4,7,False,3,1,5158.110645751117,9026.693630064454
2017-08-28 11:00:00,7,18,False,5,1,9026.693630064454,23211.497905880024
2017-08-28 12:00:00,18,20,False,3,1,23211.497905880024,25790.55322875558
2017-08-28 13:00:00,13,9,False,6,1,16763.859598691128,11605.748952940012
2017-08-28 14:00:00,9,11,False,4,1,11605.748952940012,14184.804275815572
2017-08-28 15:00:00,0,14,False,5,1,0.0,18053.387260128908
2017-08-28 16:00:00,17,12,False,5,1,21921.970244442244,15474.33193725335
2017-08-28 17:00:00,18,18,False,2,1,10681.84470325378,10681.84470325378
2017-08-28 18:00:00,8,16,False,6,1,10316.221291502234,20632.442583004467
2017-08-28 19:00:00,0,0,False,4,1,0.0,0.0
2017-08-28 20:00:00,10,8,False,5,1,12895.27661437779,10316.221291502234
2017-08-28 21:00:00,19,17,False,2,1,11275.280520101214,10088.408886406349
2017-08-28 22:00:00,8,5,False,4,1,10316.221291502234,6447.638307188895
2017-08-28 23:00:00,8,6,False,3,1,10316.221291502234,7737.165968626675
2017-08-29 00:00:00,6,7,False,5,1,7737.165968626675,9026.693630064454
2017-08-29 01:00:00,8,6,False,5,1,10316.221291502234,7737.165968626675
2017-08-29 02:00:00,9,6,False,4,1,11605.748952940012,7737.165968626675
2017-08-29 03:00:00,11,7,False,5,1,14184.804275815572,9026.693630064454
2017-08-29 04:00:00,8,7,False,5,1,10316.221291502234,9026.693630064454
2017-08-29 05:00:00,5,6,False,3,1,6447.638307188895,7737.165968626675
2017-08-29 06:00:00,16,17,False,2,1,9494.973069558917,10088.408886406349
2017-08-29 07:00:00,11,8,False,4,1,14184.804275815572,10316.221291502234
2017-08-29 08:00:00,7,12,False,6,1,9026.693630064454,15474.33193725335
2017-08-29 09:00:00,7,18,False,5,1,9026.693630064454,23211.497905880024
2017-08-29 10:00:00,12,21,False,5,1,15474.33193725335,27080.08089019336
2017-08-29 11:00:00,13,18,False,3,1,16763.859598691128,23211.497905880024
2017-08-29 12:00:00,17,24,False,6,1,21921.970244442244,30948.6638745067
2017-08-29 13:00:00,15,35,False,7,1,19342.914921566688,45133.46815032227
2017-08-29 14:00:00,11,19,False,7,1,14184.804275815572,24501.025567317804
2017-08-29 15:00:00,10,20,False,6,1,12895.27661437779,25790.55322875558
2017-08-29 16:00:00,10,31,False,4,1,12895.27661437779,39975.35750457115
2017-08-29 17:00:00,7,0,False,3,1,9026.693630064454,0.0
2017-08-29 18:00:00,15,8,False,5,1,19342.914921566688,10316.221291502234
2017-08-29 19:00:00,14,55,False,6,1,18053.387260128908,70924.02137907785
2017-08-29 20:00:00,18,78,False,5,1,23211.497905880024,100583.15759214677
2017-08-29 21:00:00,22,100,False,4,1,28369.608551631143,128952.76614377792
2017-08-29 22:00:00,17,87,False,3,1,21921.970244442244,112188.9065450868
2017-08-29 23:00:00,18,54,False,4,1,23211.497905880024,69634.49371764007
2017-08-30 00:00:00,8,38,False,6,1,10316.221291502234,49002.05113463561
2017-08-30 01:00:00,12,47,False,6,1,15474.33193725335,60607.80008757562
2017-08-30 02:00:00,14,53,False,6,1,18053.387260128908,68344.96605620229
2017-08-30 03:00:00,13,57,False,3,1,16763.859598691128,73503.07670195341
2017-08-30 04:00:00,12,40,False,3,1,15474.33193725335,51581.10645751116
2017-08-30 05:00:00,9,39,False,4,1,11605.748952940012,50291.57879607339
2017-08-30 06:00:00,10,35,False,3,1,12895.27661437779,45133.46815032227
2017-08-30 07:00:00,10,54,False,3,1,12895.27661437779,69634.49371764007
2017-08-30 08:00:00,8,60,False,3,1,10316.221291502234,77371.65968626675
2017-08-30 09:00:00,20,76,False,5,1,25790.55322875558,98004.10226927121
2017-08-30 10:00:00,11,75,False,3,1,14184.804275815572,96714.57460783343
2017-08-30 11:00:00,16,87,False,7,1,20632.442583004467,112188.9065450868
2017-08-30 12:00:00,24,90,False,4,1,30948.6638745067,116057.48952940012
2017-08-30 13:00:00,13,97,False,8,1,15063.236445750661,112394.91809521649
2017-08-30 14:00:00,13,72,False,7,1,16763.859598691128,92845.9916235201
2017-08-30 15:00:00,23,50,False,6,1,29659.136213068923,64476.38307188896
2017-08-30 16:00:00,48,37,False,7,1,61897.3277490134,47712.52347319783
2017-08-30 17:00:00,15,30,False,6,1,19342.914921566688,38685.829843133375
2017-08-30 18:00:00,30,30,False,6,1,38685.829843133375,38685.829843133375
2017-08-30 19:00:00,14,23,False,4,1,18053.387260128908,29659.136213068923
2017-08-30 20:00:00,16,57,False,4,1,20632.442583004467,73503.07670195341
2017-08-30 21:00:00,29,49,False,4,1,37396.302181695595,63186.85541045118
2017-08-30 22:00:00,20,50,False,8,1,23174.209916539483,57935.524791348704
2017-08-30 23:00:00,22,38,False,8,1,25491.63090819343,44030.99884142502
2017-08-31 00:00:00,17,30,False,6,1,21921.970244442244,38685.829843133375
2017-08-31 01:00:00,11,27,False,4,1,14184.804275815572,34817.246858820035
2017-08-31 02:00:00,15,27,False,4,1,19342.914921566688,34817.246858820035
2017-08-31 03:00:00,11,22,False,5,1,14184.804275815572,28369.608551631143
2017-08-31 04:00:00,11,25,False,7,1,14184.804275815572,32238.19153594448
2017-08-31 05:00:00,12,32,False,8,1,13904.525949923687,37078.73586646317
2017-08-31 06:00:00,9,27,False,6,1,11605.748952940012,34817.246858820035
2017-08-31 07:00:00,16,26,False,7,1,20632.442583004467,33527.719197382256
2017-08-31 08:00:00,11,37,False,7,1,14184.804275815572,47712.52347319783
2017-08-31 09:00:00,16,34,False,7,1,20632.442583004467,43843.94048888449
2017-08-31 10:00:00,18,36,False,5,1,23211.497905880024,46422.99581176005
2017-08-31 11:00:00,17,46,False,4,1,21921.970244442244,59318.272426137846
2017-08-31 12:00:00,14,38,False,7,1,18053.387260128908,49002.05113463561
2017-08-31 13:00:00,20,46,False,7,1,25790.55322875558,59318.272426137846
2017-08-31 14:00:00,18,27,False,5,1,23211.497905880024,34817.246858820035
2017-08-31 15:00:00,34,55,False,9,1,20341.585171395738,32905.50542431664
2017-08-31 16:00:00,6,23,False,8,1,6952.262974961844,26650.341404020404
2017-08-31 17:00:00,7,43,False,7,1,9026.693630064454,55449.6894418245
2017-08-31 18:00:00,15,76,False,9,1,8974.228752086356,45469.42567723754
2017-08-31 19:00:00,46,28,False,9,1,27520.968173064826,16751.893670561196
2017-08-31 20:00:00,26,24,False,7,1,33527.719197382256,30948.6638745067
2017-08-31 21:00:00,10,26,False,6,1,12895.27661437779,33527.719197382256
2017-08-31 22:00:00,12,29,False,7,1,15474.33193725335,37396.302181695595
2017-08-31 23:00:00,13,19,False,7,1,16763.859598691128,24501.025567317804
2017-09-01 00:00:00,15,18,False,8,1,17380.65743740461,20856.78892488553
2017-09-01 01:00:00,10,18,False,7,1,12895.27661437779,23211.497905880024
2017-09-01 02:00:00,19,23,False,7,1,24501.025567317804,29659.136213068923
2017-09-01 03:00:00,7,15,False,8,1,8110.973470788818,17380.65743740461
2017-09-01 04:00:00,19,44,False,9,1,11367.356419309384,26324.404339453307
2017-09-01 05:00:00,14,23,False,8,1,16221.946941577637,26650.341404020404
2017-09-01 06:00:00,23,36,False,9,1,13760.484086532413,21538.149005007253
2017-09-01 07:00:00,10,26,False,6,1,12895.27661437779,33527.719197382256
2017-09-01 08:00:00,16,19,False,8,1,18539.367933231584,22015.49942071251
2017-09-01 09:00:00,18,63,False,9,1,10769.074502503627,37691.76075876269
2017-09-01 10:00:00,14,30,False,5,1,18053.387260128908,38685.829843133375
2017-09-01 11:00:00,15,30,False,8,1,17380.65743740461,34761.31487480922
2017-09-01 12:00:00,11,23,False,6,1,14184.804275815572,29659.136213068923
2017-09-01 13:00:00,43,56,False,9,1,25726.122422647553,33503.78734112239
2017-09-01 14:00:00,10,28,False,6,1,12895.27661437779,36106.774520257815
2017-09-01 15:00:00,51,76,False,10,1,28530.05802481039,42515.38058599196
2017-09-01 16:00:00,46,18,False,9,1,27520.968173064826,10769.074502503627
2017-09-01 17:00:00,39,39,False,9,1,23332.994755424526,23332.994755424526
2017-09-01 18:00:00,16,94,False,9,1,9572.510668892113,56238.50017974116
2017-09-01 19:00:00,12,42,False,8,1,13904.525949923687,48665.840824732906
2017-09-01 20:00:00,35,69,False,10,1,19579.45158565419,38599.490268861126
2017-09-01 21:00:00,27,62,False,10,1,15104.148366076091,34683.599951730284
2017-09-01 22:00:00,21,45,False,8,1,24332.920412366453,52141.97231221383
2017-09-01 23:00:00,29,64,False,9,1,17350.175587366957,38290.04267556845
2017-09-02 00:00:00,6,20,False,6,1,7737.165968626675,25790.55322875558
2017-09-02 01:00:00,27,40,False,10,1,15104.148366076091,22376.516097890504
2017-09-02 02:00:00,23,43,False,10,1,12866.49675628704,24054.754805232293
2017-09-02 03:00:00,11,25,False,7,1,14184.804275815572,32238.19153594448
2017-09-02 04:00:00,7,23,False,7,1,9026.693630064454,29659.136213068923
2017-09-02 05:00:00,10,27,False,6,1,12895.27661437779,34817.246858820035
2017-09-02 06:00:00,21,48,False,10,1,11747.670951392514,26851.819317468606
2017-09-02 07:00:00,12,29,False,8,1,13904.525949923687,33602.60437898225
2017-09-02 08:00:00,29,54,False,9,1,17350.175587366957,32307.22350751088
2017-09-02 09:00:00,21,65,False,9,1,12563.920252920898,38888.324592374214
2017-09-02 10:00:00,17,28,False,8,1,19698.078429058558,32443.893883155273
2017-09-02 11:00:00,11,23,False,6,1,14184.804275815572,29659.136213068923
2017-09-02 12:00:00,15,42,False,8,1,17380.65743740461,48665.840824732906
2017-09-02 13:00:00,13,28,False,7,1,16763.859598691128,36106.774520257815
2017-09-02 14:00:00,15,22,False,8,1,17380.65743740461,25491.63090819343
2017-09-02 15:00:00,13,21,False,8,1,15063.236445750661,24332.920412366453
2017-09-02 16:00:00,0,34,False,8,1,0.0,39396.156858117116
2017-09-02 17:00:00,0,11,False,7,1,0.0,14184.804275815572
2017-09-02 18:00:00,0,0,False,10,1,0.0,0.0
2017-09-02 19:00:00,7,0,False,8,1,8110.973470788818,0.0
2017-09-02 20:00:00,19,58,False,10,1,10628.84514649799,32445.94834194123
2017-09-02 21:00:00,21,57,False,9,1,12563.920252920898,34102.06925792815
2017-09-02 22:00:00,14,24,False,7,1,18053.387260128908,30948.6638745067
2017-09-02 23:00:00,12,18,False,8,1,13904.525949923687,20856.78892488553
2017-09-03 00:00:00,14,35,False,9,1,8375.946835280598,20939.867088201496
2017-09-03 01:00:00,13,40,False,9,1,7777.664918474841,23931.27667223028
2017-09-03 02:00:00,6,19,False,7,1,7737.165968626675,24501.025567317804
2017-09-03 03:00:00,9,18,False,7,1,11605.748952940012,23211.497905880024
2017-09-03 04:00:00,8,18,False,8,1,9269.683966615792,20856.78892488553
2017-09-03 05:00:00,32,37,False,10,1,17901.212878312403,20698.277390548716
2017-09-03 06:00:00,19,24,False,9,1,11367.356419309384,14358.76600333817
2017-09-03 07:00:00,9,14,False,8,1,10428.394462442766,16221.946941577637
2017-09-03 08:00:00,29,39,False,9,1,17350.175587366957,23332.994755424526
2017-09-03 09:00:00,14,19,False,8,1,16221.946941577637,22015.49942071251
2017-09-03 10:00:00,12,21,True,7,1,15474.33193725335,27080.08089019336
